{
	"credit": "SeFort",
	"texture_size": [64, 64],
	"textures": {
		"1": "./sanictexture",
		"particle": "./sanictexture"
	},
	"elements": [
		{
			"from": [4, 9, 6.5],
			"to": [9, 14, 11.5],
			"rotation": {"angle": 0, "axis": "y", "origin": [7, 11, 9]},
			"faces": {
				"north": {"uv": [2.5, 0, 3.75, 1.25], "texture": "#1"},
				"east": {"uv": [2.5, 1.25, 3.75, 2.5], "texture": "#1"},
				"south": {"uv": [2.5, 2.5, 3.75, 3.75], "texture": "#1"},
				"west": {"uv": [3.75, 0, 5, 1.25], "texture": "#1"},
				"up": {"uv": [5, 2.5, 3.75, 1.25], "texture": "#1"},
				"down": {"uv": [3.75, 3.75, 2.5, 5], "texture": "#1"}
			}
		},
		{
			"from": [3, 10.3, 8.7],
			"to": [4, 10.8, 9.2],
			"rotation": {"angle": 0, "axis": "y", "origin": [-1, 1, 0]},
			"faces": {
				"north": {"uv": [1.5, 8.5, 1.75, 8.625], "texture": "#1"},
				"east": {"uv": [5, 8.5, 5.125, 8.625], "texture": "#1"},
				"south": {"uv": [1.75, 8.5, 2, 8.625], "texture": "#1"},
				"west": {"uv": [8.5, 5, 8.625, 5.125], "texture": "#1"},
				"up": {"uv": [8.75, 4.625, 8.5, 4.5], "texture": "#1"},
				"down": {"uv": [8.75, 4.75, 8.5, 4.875], "texture": "#1"}
			}
		},
		{
			"from": [3.99, 11, 6.5],
			"to": [3.99, 14, 11.5],
			"rotation": {"angle": 0, "axis": "y", "origin": [-1, 1, 0]},
			"faces": {
				"north": {"uv": [0, 0, 0, 0.75], "texture": "#1"},
				"east": {"uv": [3.75, 4.5, 5, 5.25], "texture": "#1"},
				"south": {"uv": [0, 0, 0, 0.75], "texture": "#1"},
				"west": {"uv": [4.75, 2.5, 6, 3.25], "texture": "#1"},
				"up": {"uv": [0, 1.25, 0, 0], "texture": "#1"},
				"down": {"uv": [0, 0, 0, 1.25], "texture": "#1"}
			}
		},
		{
			"from": [4, 11, 11.51],
			"to": [9, 14, 11.51],
			"rotation": {"angle": 0, "axis": "y", "origin": [-1, 1, 0]},
			"faces": {
				"north": {"uv": [4.75, 2.5, 6, 3.25], "texture": "#1"},
				"east": {"uv": [0, 0, 0, 0.75], "texture": "#1"},
				"south": {"uv": [5, 4.5, 3.75, 5.25], "texture": "#1"},
				"west": {"uv": [0, 0, 0, 0.75], "texture": "#1"},
				"up": {"uv": [0, 1.25, 0, 0], "rotation": 90, "texture": "#1"},
				"down": {"uv": [0, 0, 0, 1.25], "rotation": 270, "texture": "#1"}
			}
		},
		{
			"from": [4, 11, 6.49],
			"to": [9, 14, 6.49],
			"rotation": {"angle": 0, "axis": "y", "origin": [-1, 1, 0]},
			"faces": {
				"north": {"uv": [3.75, 4.5, 5, 5.25], "texture": "#1"},
				"east": {"uv": [0, 0, 0, 0.75], "texture": "#1"},
				"south": {"uv": [4.75, 2.5, 6, 3.25], "texture": "#1"},
				"west": {"uv": [0, 0, 0, 0.75], "texture": "#1"},
				"up": {"uv": [0, 1.25, 0, 0], "rotation": 270, "texture": "#1"},
				"down": {"uv": [0, 0, 0, 1.25], "rotation": 90, "texture": "#1"}
			}
		},
		{
			"from": [4.5, 17, -3],
			"to": [5.5, 19, -1],
			"rotation": {"angle": 45, "axis": "x", "origin": [0, 0, 0]},
			"faces": {
				"north": {"uv": [7.25, 8, 7.5, 8.5], "texture": "#1"},
				"east": {"uv": [3, 6, 3.5, 6.5], "texture": "#1"},
				"south": {"uv": [4, 8.25, 4.25, 8.75], "texture": "#1"},
				"west": {"uv": [6.5, 7.5, 7, 8], "texture": "#1"},
				"up": {"uv": [4.5, 8.75, 4.25, 8.25], "texture": "#1"},
				"down": {"uv": [4.75, 8.25, 4.5, 8.75], "texture": "#1"}
			}
		},
		{
			"from": [4.5, 13.5, -6.5],
			"to": [5.5, 15.5, -4.5],
			"rotation": {"angle": 45, "axis": "x", "origin": [0, 0, 0]},
			"faces": {
				"north": {"uv": [8.25, 4.5, 8.5, 5], "texture": "#1"},
				"east": {"uv": [7.5, 6.75, 8, 7.25], "texture": "#1"},
				"south": {"uv": [4.75, 8.25, 5, 8.75], "texture": "#1"},
				"west": {"uv": [7, 7.5, 7.5, 8], "texture": "#1"},
				"up": {"uv": [8.5, 5.5, 8.25, 5], "texture": "#1"},
				"down": {"uv": [8.5, 5.5, 8.25, 6], "texture": "#1"}
			}
		},
		{
			"from": [12.7, 7, 8],
			"to": [17.7, 9, 10],
			"rotation": {"angle": 22.5, "axis": "z", "origin": [-1, 0, 0]},
			"faces": {
				"north": {"uv": [0.75, 5.75, 2, 6.25], "texture": "#1"},
				"east": {"uv": [7.5, 7.25, 8, 7.75], "texture": "#1"},
				"south": {"uv": [5.75, 1, 7, 1.5], "texture": "#1"},
				"west": {"uv": [7.75, 1, 8.25, 1.5], "texture": "#1"},
				"up": {"uv": [7, 5, 5.75, 4.5], "texture": "#1"},
				"down": {"uv": [6.25, 5.75, 5, 6.25], "texture": "#1"}
			}
		},
		{
			"from": [8.7, 10, 8],
			"to": [12.7, 12, 10],
			"rotation": {"angle": 0, "axis": "z", "origin": [-1, 0, 0]},
			"faces": {
				"north": {"uv": [5.75, 5, 6.75, 5.5], "texture": "#1"},
				"east": {"uv": [2, 7.75, 2.5, 8.25], "texture": "#1"},
				"south": {"uv": [2, 6, 3, 6.5], "texture": "#1"},
				"west": {"uv": [2.5, 7.75, 3, 8.25], "texture": "#1"},
				"up": {"uv": [7, 3, 6, 2.5], "texture": "#1"},
				"down": {"uv": [1, 6.25, 0, 6.75], "texture": "#1"}
			}
		},
		{
			"from": [3.7, 12, 6.6],
			"to": [7.7, 14, 8.6],
			"rotation": {"angle": -22.5, "axis": "z", "origin": [-1, 0, 0]},
			"faces": {
				"north": {"uv": [6.25, 0, 7.25, 0.5], "texture": "#1"},
				"east": {"uv": [7.75, 2.5, 8.25, 3], "texture": "#1"},
				"south": {"uv": [1, 6.25, 2, 6.75], "texture": "#1"},
				"west": {"uv": [3, 7.75, 3.5, 8.25], "texture": "#1"},
				"up": {"uv": [7.25, 2, 6.25, 1.5], "texture": "#1"},
				"down": {"uv": [7.25, 2, 6.25, 2.5], "texture": "#1"}
			}
		},
		{
			"from": [3.7, 12, 9.4],
			"to": [7.7, 14, 11.4],
			"rotation": {"angle": -22.5, "axis": "z", "origin": [-1, 0, 0]},
			"faces": {
				"north": {"uv": [5, 6.25, 6, 6.75], "texture": "#1"},
				"east": {"uv": [7.75, 3, 8.25, 3.5], "texture": "#1"},
				"south": {"uv": [6.25, 5.75, 7.25, 6.25], "texture": "#1"},
				"west": {"uv": [3.5, 7.75, 4, 8.25], "texture": "#1"},
				"up": {"uv": [7, 6.75, 6, 6.25], "texture": "#1"},
				"down": {"uv": [3, 6.5, 2, 7], "texture": "#1"}
			}
		},
		{
			"from": [4.7, 11, 10],
			"to": [8.7, 13, 12],
			"rotation": {"angle": 22.5, "axis": "y", "origin": [-1, 0, 0]},
			"faces": {
				"north": {"uv": [3, 6.5, 4, 7], "texture": "#1"},
				"east": {"uv": [7.75, 3.5, 8.25, 4], "texture": "#1"},
				"south": {"uv": [4, 6.5, 5, 7], "texture": "#1"},
				"west": {"uv": [4, 7.75, 4.5, 8.25], "texture": "#1"},
				"up": {"uv": [1, 7.25, 0, 6.75], "texture": "#1"},
				"down": {"uv": [2, 6.75, 1, 7.25], "texture": "#1"}
			}
		},
		{
			"from": [11.6, 11, 4.7],
			"to": [15.6, 13, 6.7],
			"rotation": {"angle": -22.5, "axis": "y", "origin": [-1, 0, 0]},
			"faces": {
				"north": {"uv": [6.75, 3, 7.75, 3.5], "texture": "#1"},
				"east": {"uv": [4.5, 7.75, 5, 8.25], "texture": "#1"},
				"south": {"uv": [7.75, 4, 6.75, 3.5], "texture": "#1"},
				"west": {"uv": [7.75, 4.5, 8.25, 5], "texture": "#1"},
				"up": {"uv": [6, 7.25, 5, 6.75], "texture": "#1"},
				"down": {"uv": [7.75, 5.5, 6.75, 5], "texture": "#1"}
			}
		}
	],
	"display": {
		"thirdperson_righthand": {
			"translation": [1, -0.25, 1],
			"scale": [0.55, 0.55, 0.55]
		},
		"thirdperson_lefthand": {
			"rotation": [0, 180, 0],
			"translation": [0, 0, 1.5],
			"scale": [0.3, 0.3, 0.3]
		},
		"firstperson_righthand": {
			"rotation": [0, 27.25, 0],
			"translation": [0, 5, 1.75],
			"scale": [0.5, 0.5, 0.5]
		},
		"firstperson_lefthand": {
			"rotation": [-180, -32, 180],
			"translation": [0, 5, 1.75],
			"scale": [0.5, 0.5, 0.5]
		},
		"ground": {
			"translation": [0, -4.5, 0],
			"scale": [2, 2, 2]
		},
		"gui": {
			"rotation": [0, 57.25, 0],
			"translation": [-1.5, -6.25, 0],
			"scale": [1.7, 1.7, 1.7]
		},
		"head": {
			"rotation": [0, -90, 0],
			"translation": [3.5, -10.75, 5.25],
			"scale": [3.5, 3.5, 3.5]
		},
		"fixed": {
			"rotation": [-90, -90, 0],
			"translation": [0, 0, 2.15],
			"scale": [2, 2, 2]
		}
	},
	"groups": [
		{
			"name": "Sanic",
			"origin": [8, 8, 8],
			"color": 5,
			"children": [
				{
					"name": "Head",
					"origin": [0, 0, 0],
					"color": 5,
					"children": [0, 1, 2, 3, 4, 5, 6, 7, 8, 9, 10, 11, 12]
				}
			]
		}
	]
}