{
	"credit": "Made with Blockbench",
	"textures": {
		"0": "./azalea_plant",
		"1": "./flowering_azalea_top",
		"2": "./flowering_azalea_side",
		"particle": "./azalea_plant"
	},
	"elements": [
		{
			"from": [8, 0, 1.5],
			"to": [8, 11, 17.5],
			"rotation": {"angle": 45, "axis": "y", "origin": [8, 5.5, 9]},
			"faces": {
				"north": {"uv": [0, 0, 0, 11], "texture": "#missing"},
				"east": {"uv": [0, 0, 16, 16], "texture": "#0"},
				"south": {"uv": [0, 0, 0, 11], "texture": "#missing"},
				"west": {"uv": [0, 0, 16, 16], "texture": "#0"},
				"up": {"uv": [0, 0, 0, 12], "texture": "#missing"},
				"down": {"uv": [0, 0, 0, 12], "texture": "#missing"}
			}
		},
		{
			"from": [0.5, 0, 9],
			"to": [16.5, 11, 9],
			"rotation": {"angle": 45, "axis": "y", "origin": [8, 5.5, 9]},
			"faces": {
				"north": {"uv": [0, 0, 16, 16], "texture": "#0"},
				"east": {"uv": [0, 0, 0, 11], "texture": "#missing"},
				"south": {"uv": [0, 0, 16, 16], "texture": "#0"},
				"west": {"uv": [0, 0, 0, 11], "texture": "#missing"},
				"up": {"uv": [0, 0, 0, 12], "rotation": 90, "texture": "#missing"},
				"down": {"uv": [0, 0, 0, 12], "rotation": 270, "texture": "#missing"}
			}
		},
		{
			"from": [2, 11, 3],
			"to": [14, 11, 15],
			"rotation": {"angle": 0, "axis": "y", "origin": [8, 11, 9]},
			"faces": {
				"north": {"uv": [0, 0, 12, 0], "texture": "#missing"},
				"east": {"uv": [0, 0, 12, 0], "texture": "#1"},
				"south": {"uv": [0, 0, 12, 0], "texture": "#missing"},
				"west": {"uv": [0, 0, 12, 0], "texture": "#missing"},
				"up": {"uv": [0, 0, 16, 16], "texture": "#1"},
				"down": {"uv": [0, 0, 16, 16], "texture": "#1"}
			}
		},
		{
			"from": [2, 3.4, 3],
			"to": [2, 11, 15],
			"faces": {
				"north": {"uv": [0, 0, 0, 8], "texture": "#missing"},
				"east": {"uv": [16, 0, 0, 11], "texture": "#2"},
				"south": {"uv": [0, 0, 0, 8], "texture": "#missing"},
				"west": {"uv": [0, 0, 16, 11], "texture": "#2"},
				"up": {"uv": [0, 0, 0, 12], "texture": "#missing"},
				"down": {"uv": [0, 0, 0, 12], "texture": "#missing"}
			}
		},
		{
			"from": [2, 3.4, 15],
			"to": [14, 11, 15],
			"rotation": {"angle": 0, "axis": "y", "origin": [2, 7.2, 21]},
			"faces": {
				"north": {"uv": [16, 0, 0, 11], "texture": "#2"},
				"east": {"uv": [0, 0, 0, 8], "texture": "#missing"},
				"south": {"uv": [0, 0, 16, 11], "texture": "#2"},
				"west": {"uv": [0, 0, 0, 8], "texture": "#missing"},
				"up": {"uv": [0, 0, 0, 12], "rotation": 270, "texture": "#missing"},
				"down": {"uv": [0, 0, 0, 12], "rotation": 90, "texture": "#missing"}
			}
		},
		{
			"from": [14, 3.4, 3],
			"to": [14, 11, 15],
			"rotation": {"angle": 0, "axis": "y", "origin": [20, 7.2, 15]},
			"faces": {
				"north": {"uv": [0, 0, 0, 8], "texture": "#missing"},
				"east": {"uv": [0, 0, 16, 11], "texture": "#2"},
				"south": {"uv": [0, 0, 0, 8], "texture": "#missing"},
				"west": {"uv": [16, 0, 0, 11], "texture": "#2"},
				"up": {"uv": [0, 0, 0, 12], "rotation": 180, "texture": "#missing"},
				"down": {"uv": [0, 0, 0, 12], "rotation": 180, "texture": "#missing"}
			}
		},
		{
			"from": [2, 3.4, 3],
			"to": [14, 11, 3],
			"rotation": {"angle": 0, "axis": "y", "origin": [14, 7.2, -3]},
			"faces": {
				"north": {"uv": [0, 0, 16, 11], "texture": "#2"},
				"east": {"uv": [0, 0, 0, 8], "texture": "#missing"},
				"south": {"uv": [16, 0, 0, 11], "texture": "#2"},
				"west": {"uv": [0, 0, 0, 8], "texture": "#missing"},
				"up": {"uv": [0, 0, 0, 12], "rotation": 90, "texture": "#missing"},
				"down": {"uv": [0, 0, 0, 12], "rotation": 270, "texture": "#missing"}
			}
		}
	],
	"display": {
		"thirdperson_righthand": {
			"rotation": [69, 45, 0],
			"translation": [-0.5, 3.5, 0.75],
			"scale": [0.6, 0.6, 0.6]
		},
		"thirdperson_lefthand": {
			"rotation": [69, 45, 0],
			"translation": [-0.5, 3.5, 0.75],
			"scale": [0.6, 0.6, 0.6]
		},
		"firstperson_righthand": {
			"rotation": [0, 43, 0],
			"translation": [-1, 1.75, 0],
			"scale": [0.55, 0.55, 0.55]
		},
		"firstperson_lefthand": {
			"rotation": [0, 43, 0],
			"translation": [-1, 1.75, 0],
			"scale": [0.55, 0.55, 0.55]
		},
		"ground": {
			"scale": [0.5, 0.5, 0.5]
		},
		"gui": {
			"rotation": [27, -48, 0],
			"translation": [0.75, 2, 0],
			"scale": [0.9, 0.9, 0.9]
		},
		"head": {
			"translation": [0, 3.25, -1.25],
			"scale": [1.3, 1.4, 1.3]
		},
		"fixed": {
			"translation": [0, 1.5, 0]
		}
	}
}