{
	"credit": "Made with Blockbench",
	"texture_size": [32, 32],
	"textures": {
		"0": "./pavlik",
		"1": "./rykoyat",
		"particle": "./pavlik"
	},
	"elements": [
		{
			"from": [7.5, 6, 7.5],
			"to": [9, 17, 9],
			"rotation": {"angle": 0, "axis": "y", "origin": [0, 15, 0]},
			"faces": {
				"north": {"uv": [0, 0, 0.75, 5.5], "texture": "#1"},
				"east": {"uv": [1, 0, 1.75, 5.5], "texture": "#1"},
				"south": {"uv": [2, 0, 2.75, 5.5], "texture": "#1"},
				"west": {"uv": [3, 0, 3.75, 5.5], "texture": "#1"},
				"up": {"uv": [4.75, 6.75, 4, 6], "texture": "#1"},
				"down": {"uv": [6.75, 4, 6, 4.75], "texture": "#1"}
			}
		},
		{
			"from": [7.6, -4.7, 7.6],
			"to": [8.9, 6, 8.9],
			"rotation": {"angle": 0, "axis": "y", "origin": [0, 15, 0]},
			"faces": {
				"north": {"uv": [4, 0, 4.75, 5.25], "texture": "#1"},
				"east": {"uv": [5, 0, 5.75, 5.25], "texture": "#1"},
				"south": {"uv": [0, 5.5, 0.75, 10.75], "texture": "#1"},
				"west": {"uv": [1, 5.5, 1.75, 10.75], "texture": "#1"},
				"up": {"uv": [5.75, 6.75, 5, 6], "texture": "#1"},
				"down": {"uv": [6.75, 6, 6, 6.75], "texture": "#1"}
			}
		},
		{
			"from": [7.7, -15.4, 7.7],
			"to": [8.8, -4.7, 8.8],
			"rotation": {"angle": 0, "axis": "y", "origin": [0, 15, 0]},
			"faces": {
				"north": {"uv": [2, 5.5, 2.5, 10.75], "texture": "#1"},
				"east": {"uv": [2.5, 5.5, 3, 10.75], "texture": "#1"},
				"south": {"uv": [3, 5.5, 3.5, 10.75], "texture": "#1"},
				"west": {"uv": [3.5, 5.5, 4, 10.75], "texture": "#1"},
				"up": {"uv": [7.5, 3.5, 7, 3], "texture": "#1"},
				"down": {"uv": [4.5, 7, 4, 7.5], "texture": "#1"}
			}
		},
		{
			"from": [4.8, 16.75, 7.9],
			"to": [7.6, 17.25, 8.65],
			"rotation": {"angle": 45, "axis": "y", "origin": [8.25, 16, 8.25]},
			"faces": {
				"north": {"uv": [6, 5, 7.5, 5.25], "texture": "#1"},
				"east": {"uv": [8, 1, 8.5, 1.25], "texture": "#1"},
				"south": {"uv": [6.5, 1, 8, 1.25], "texture": "#1"},
				"west": {"uv": [8, 3.5, 8.5, 3.75], "texture": "#1"},
				"up": {"uv": [5.5, 6, 4, 5.5], "texture": "#1"},
				"down": {"uv": [7, 5.5, 5.5, 6], "texture": "#1"}
			}
		},
		{
			"from": [8.8, 16.75, 7.85],
			"to": [11.2, 17.25, 8.6],
			"rotation": {"angle": -22.5, "axis": "y", "origin": [8.25, 16, 8.25]},
			"faces": {
				"north": {"uv": [6.5, 3.5, 7.75, 3.75], "texture": "#1"},
				"east": {"uv": [8, 4, 8.5, 4.25], "texture": "#1"},
				"south": {"uv": [7, 1.5, 8.25, 1.75], "texture": "#1"},
				"west": {"uv": [4.5, 8, 5, 8.25], "texture": "#1"},
				"up": {"uv": [7.25, 0.5, 6, 0], "texture": "#1"},
				"down": {"uv": [7.25, 0.5, 6, 1], "texture": "#1"}
			}
		},
		{
			"from": [7.85, 16.75, 5.1],
			"to": [8.6, 17.25, 7.8],
			"rotation": {"angle": 22.5, "axis": "y", "origin": [8.25, 16, 8.25]},
			"faces": {
				"north": {"uv": [8, 4.5, 8.5, 4.75], "texture": "#1"},
				"east": {"uv": [7, 2, 8.25, 2.25], "texture": "#1"},
				"south": {"uv": [5, 8, 5.5, 8.25], "texture": "#1"},
				"west": {"uv": [7, 2.5, 8.25, 2.75], "texture": "#1"},
				"up": {"uv": [6.5, 2.25, 6, 1], "texture": "#1"},
				"down": {"uv": [6.5, 2.5, 6, 3.75], "texture": "#1"}
			}
		},
		{
			"from": [6.65, 16.65, 5.3],
			"to": [7.2, 18.05, 5.8],
			"rotation": {"angle": -22.5, "axis": "z", "origin": [8.25, 16, 8.25]},
			"faces": {
				"north": {"uv": [7, 4, 7.25, 4.75], "texture": "#1"},
				"east": {"uv": [4.5, 7, 4.75, 7.75], "texture": "#1"},
				"south": {"uv": [5, 7, 5.25, 7.75], "texture": "#1"},
				"west": {"uv": [5.5, 7, 5.75, 7.75], "texture": "#1"},
				"up": {"uv": [6.75, 9.25, 6.5, 9], "texture": "#1"},
				"down": {"uv": [9.25, 6.5, 9, 6.75], "texture": "#1"}
			}
		},
		{
			"from": [8.05, 18.05, 5.4],
			"to": [8.6, 19.45, 5.8],
			"rotation": {"angle": 22.5, "axis": "z", "origin": [8.25, 16, 8.25]},
			"faces": {
				"north": {"uv": [7, 5.5, 7.25, 6.25], "texture": "#1"},
				"east": {"uv": [6, 7, 6.25, 7.75], "texture": "#1"},
				"south": {"uv": [6.5, 7, 6.75, 7.75], "texture": "#1"},
				"west": {"uv": [7, 6.5, 7.25, 7.25], "texture": "#1"},
				"up": {"uv": [7.25, 9.25, 7, 9], "texture": "#1"},
				"down": {"uv": [9.25, 7, 9, 7.25], "texture": "#1"}
			}
		},
		{
			"from": [5.25, 17.05, 5.5],
			"to": [5.8, 18.45, 5.8],
			"rotation": {"angle": -45, "axis": "z", "origin": [8.25, 16, 8.25]},
			"faces": {
				"north": {"uv": [7.5, 0, 7.75, 0.75], "texture": "#1"},
				"east": {"uv": [4, 7.5, 4.25, 8.25], "texture": "#1"},
				"south": {"uv": [7.5, 4, 7.75, 4.75], "texture": "#1"},
				"west": {"uv": [7.5, 5, 7.75, 5.75], "texture": "#1"},
				"up": {"uv": [7.75, 9.25, 7.5, 9], "texture": "#1"},
				"down": {"uv": [9.25, 7.5, 9, 7.75], "texture": "#1"}
			}
		},
		{
			"from": [8.2, 16.25, 8.9],
			"to": [8.65, 16.45, 9.9],
			"rotation": {"angle": -22.5, "axis": "x", "origin": [8.25, 16, 8.25]},
			"faces": {
				"north": {"uv": [8, 9, 8.25, 9.25], "texture": "#1"},
				"east": {"uv": [8, 5, 8.5, 5.25], "texture": "#1"},
				"south": {"uv": [9, 8, 9.25, 8.25], "texture": "#1"},
				"west": {"uv": [5.5, 8, 6, 8.25], "texture": "#1"},
				"up": {"uv": [8.25, 6, 8, 5.5], "texture": "#1"},
				"down": {"uv": [6.25, 8, 6, 8.5], "texture": "#1"}
			}
		},
		{
			"from": [8.45, 16.25, 6.3],
			"to": [8.9, 16.45, 7.4],
			"rotation": {"angle": 22.5, "axis": "x", "origin": [8.25, 16, 8.25]},
			"faces": {
				"north": {"uv": [8.5, 9, 8.75, 9.25], "texture": "#1"},
				"east": {"uv": [6.5, 8, 7, 8.25], "texture": "#1"},
				"south": {"uv": [9, 8.5, 9.25, 8.75], "texture": "#1"},
				"west": {"uv": [8, 6.5, 8.5, 6.75], "texture": "#1"},
				"up": {"uv": [8.25, 7.5, 8, 7], "texture": "#1"},
				"down": {"uv": [8.25, 7.5, 8, 8], "texture": "#1"}
			}
		},
		{
			"from": [7.85, 16.95, 5.3],
			"to": [8.3, 17.15, 6.6],
			"rotation": {"angle": -22.5, "axis": "y", "origin": [8.25, 16, 8.25]},
			"faces": {
				"north": {"uv": [9, 9, 9.25, 9.25], "texture": "#1"},
				"east": {"uv": [7.5, 3, 8.25, 3.25], "texture": "#1"},
				"south": {"uv": [9.5, 0, 9.75, 0.25], "texture": "#1"},
				"west": {"uv": [7.5, 6, 8.25, 6.25], "texture": "#1"},
				"up": {"uv": [7.75, 7.25, 7.5, 6.5], "texture": "#1"},
				"down": {"uv": [7.25, 7.5, 7, 8.25], "texture": "#1"}
			}
		},
		{
			"from": [9.05, 18.05, 6.1],
			"to": [9.4, 18.65, 6.3],
			"rotation": {"angle": -22.5, "axis": "x", "origin": [8.25, 16, 8.25]},
			"faces": {
				"north": {"uv": [9.5, 0.5, 9.75, 0.75], "texture": "#1"},
				"east": {"uv": [9.5, 1, 9.75, 1.25], "texture": "#1"},
				"south": {"uv": [9.5, 1.5, 9.75, 1.75], "texture": "#1"},
				"west": {"uv": [9.5, 2, 9.75, 2.25], "texture": "#1"},
				"up": {"uv": [9.75, 2.75, 9.5, 2.5], "texture": "#1"},
				"down": {"uv": [9.75, 3, 9.5, 3.25], "texture": "#1"}
			}
		},
		{
			"from": [9.15, 16.35, 4.9],
			"to": [9.4, 16.95, 5.1],
			"rotation": {"angle": 22.5, "axis": "x", "origin": [8.25, 16, 8.25]},
			"faces": {
				"north": {"uv": [9.5, 3.5, 9.75, 3.75], "texture": "#1"},
				"east": {"uv": [4, 9.5, 4.25, 9.75], "texture": "#1"},
				"south": {"uv": [9.5, 4, 9.75, 4.25], "texture": "#1"},
				"west": {"uv": [4.5, 9.5, 4.75, 9.75], "texture": "#1"},
				"up": {"uv": [9.75, 4.75, 9.5, 4.5], "texture": "#1"},
				"down": {"uv": [5.25, 9.5, 5, 9.75], "texture": "#1"}
			}
		},
		{
			"from": [7.2, 16.85, 9.2],
			"to": [7.65, 17.05, 10.2],
			"rotation": {"angle": 45, "axis": "y", "origin": [8.25, 16, 8.25]},
			"faces": {
				"north": {"uv": [9.5, 5, 9.75, 5.25], "texture": "#1"},
				"east": {"uv": [8, 8, 8.5, 8.25], "texture": "#1"},
				"south": {"uv": [5.5, 9.5, 5.75, 9.75], "texture": "#1"},
				"west": {"uv": [8.5, 0, 9, 0.25], "texture": "#1"},
				"up": {"uv": [8.75, 1, 8.5, 0.5], "texture": "#1"},
				"down": {"uv": [8.75, 1, 8.5, 1.5], "texture": "#1"}
			}
		},
		{
			"from": [9.3, 16.85, 9.8],
			"to": [9.75, 17.05, 10.7],
			"rotation": {"angle": -22.5, "axis": "y", "origin": [8.25, 16, 8.25]},
			"faces": {
				"north": {"uv": [9.5, 5.5, 9.75, 5.75], "texture": "#1"},
				"east": {"uv": [8.5, 1.5, 9, 1.75], "texture": "#1"},
				"south": {"uv": [6, 9.5, 6.25, 9.75], "texture": "#1"},
				"west": {"uv": [8.5, 2, 9, 2.25], "texture": "#1"},
				"up": {"uv": [8.75, 3, 8.5, 2.5], "texture": "#1"},
				"down": {"uv": [8.75, 3, 8.5, 3.5], "texture": "#1"}
			}
		},
		{
			"from": [8.4, 15.85, 11],
			"to": [8.85, 16.65, 11.2],
			"rotation": {"angle": -22.5, "axis": "x", "origin": [8.25, 16, 8.25]},
			"faces": {
				"north": {"uv": [8.5, 3.5, 8.75, 4], "texture": "#1"},
				"east": {"uv": [4, 8.5, 4.25, 9], "texture": "#1"},
				"south": {"uv": [8.5, 4, 8.75, 4.5], "texture": "#1"},
				"west": {"uv": [4.5, 8.5, 4.75, 9], "texture": "#1"},
				"up": {"uv": [9.75, 6.25, 9.5, 6], "texture": "#1"},
				"down": {"uv": [6.75, 9.5, 6.5, 9.75], "texture": "#1"}
			}
		},
		{
			"from": [7.9, 17.45, 10.7],
			"to": [8.35, 18.25, 10.8],
			"rotation": {"angle": -22.5, "axis": "z", "origin": [8.25, 16, 8.25]},
			"faces": {
				"north": {"uv": [8.5, 4.5, 8.75, 5], "texture": "#1"},
				"east": {"uv": [5, 8.5, 5.25, 9], "texture": "#1"},
				"south": {"uv": [8.5, 5, 8.75, 5.5], "texture": "#1"},
				"west": {"uv": [5.5, 8.5, 5.75, 9], "texture": "#1"},
				"up": {"uv": [9.75, 6.75, 9.5, 6.5], "texture": "#1"},
				"down": {"uv": [7.25, 9.5, 7, 9.75], "texture": "#1"}
			}
		},
		{
			"from": [9.8, 17.95, 8.75],
			"to": [10.3, 19.45, 9.5],
			"rotation": {"angle": -22.5, "axis": "z", "origin": [8.25, 16, 8.25]},
			"faces": {
				"north": {"uv": [7.5, 7.5, 7.75, 8.25], "texture": "#1"},
				"east": {"uv": [6.5, 1.5, 7, 2.25], "texture": "#1"},
				"south": {"uv": [8, 0, 8.25, 0.75], "texture": "#1"},
				"west": {"uv": [6.5, 2.5, 7, 3.25], "texture": "#1"},
				"up": {"uv": [8.75, 6, 8.5, 5.5], "texture": "#1"},
				"down": {"uv": [6.25, 8.5, 6, 9], "texture": "#1"}
			}
		},
		{
			"from": [10.7, 17.85, 9.5],
			"to": [11.3, 18.85, 10.15],
			"rotation": {"angle": -22.5, "axis": "x", "origin": [8.25, 16, 8.25]},
			"faces": {
				"north": {"uv": [8.5, 6, 8.75, 6.5], "texture": "#1"},
				"east": {"uv": [6.5, 8.5, 6.75, 9], "texture": "#1"},
				"south": {"uv": [8.5, 6.5, 8.75, 7], "texture": "#1"},
				"west": {"uv": [7, 8.5, 7.25, 9], "texture": "#1"},
				"up": {"uv": [9.75, 7.25, 9.5, 7], "texture": "#1"},
				"down": {"uv": [7.75, 9.5, 7.5, 9.75], "texture": "#1"}
			}
		},
		{
			"from": [10.7, 18.35, 5.3],
			"to": [11.2, 18.8, 6.4],
			"rotation": {"angle": 45, "axis": "x", "origin": [8.25, 16, 8.25]},
			"faces": {
				"north": {"uv": [9.5, 7.5, 9.75, 7.75], "texture": "#1"},
				"east": {"uv": [8.5, 7, 9, 7.25], "texture": "#1"},
				"south": {"uv": [8, 9.5, 8.25, 9.75], "texture": "#1"},
				"west": {"uv": [7.5, 8.5, 8, 8.75], "texture": "#1"},
				"up": {"uv": [8.75, 8, 8.5, 7.5], "texture": "#1"},
				"down": {"uv": [8.25, 8.5, 8, 9], "texture": "#1"}
			}
		},
		{
			"from": [10.7, 18.45, 7],
			"to": [11, 19.55, 7.45],
			"rotation": {"angle": 45, "axis": "x", "origin": [8.25, 16, 8.25]},
			"faces": {
				"north": {"uv": [8.5, 8, 8.75, 8.5], "texture": "#1"},
				"east": {"uv": [8.5, 8.5, 8.75, 9], "texture": "#1"},
				"south": {"uv": [9, 0, 9.25, 0.5], "texture": "#1"},
				"west": {"uv": [9, 0.5, 9.25, 1], "texture": "#1"},
				"up": {"uv": [9.75, 8.25, 9.5, 8], "texture": "#1"},
				"down": {"uv": [8.75, 9.5, 8.5, 9.75], "texture": "#1"}
			}
		},
		{
			"from": [5.7, 17.75, 9.75],
			"to": [6.4, 18.85, 10.4],
			"rotation": {"angle": 22.5, "axis": "x", "origin": [8.25, 16, 8.25]},
			"faces": {
				"north": {"uv": [9, 1, 9.25, 1.5], "texture": "#1"},
				"east": {"uv": [9, 1.5, 9.25, 2], "texture": "#1"},
				"south": {"uv": [9, 2, 9.25, 2.5], "texture": "#1"},
				"west": {"uv": [9, 2.5, 9.25, 3], "texture": "#1"},
				"up": {"uv": [9.75, 8.75, 9.5, 8.5], "texture": "#1"},
				"down": {"uv": [9.25, 9.5, 9, 9.75], "texture": "#1"}
			}
		},
		{
			"from": [5.15, 15.75, 10.85],
			"to": [5.85, 16.85, 11.25],
			"rotation": {"angle": -45, "axis": "z", "origin": [8.25, 16, 8.25]},
			"faces": {
				"north": {"uv": [9, 3, 9.25, 3.5], "texture": "#1"},
				"east": {"uv": [9, 3.5, 9.25, 4], "texture": "#1"},
				"south": {"uv": [4, 9, 4.25, 9.5], "texture": "#1"},
				"west": {"uv": [9, 4, 9.25, 4.5], "texture": "#1"},
				"up": {"uv": [9.75, 9.25, 9.5, 9], "texture": "#1"},
				"down": {"uv": [9.75, 9.5, 9.5, 9.75], "texture": "#1"}
			}
		},
		{
			"from": [9, 18.3, 10.75],
			"to": [10.1, 18.9, 11.05],
			"rotation": {"angle": 45, "axis": "z", "origin": [8.25, 16, 8.25]},
			"faces": {
				"north": {"uv": [4.5, 9, 5, 9.25], "texture": "#1"},
				"east": {"uv": [10, 0, 10.25, 0.25], "texture": "#1"},
				"south": {"uv": [9, 4.5, 9.5, 4.75], "texture": "#1"},
				"west": {"uv": [10, 0.5, 10.25, 0.75], "texture": "#1"},
				"up": {"uv": [5.5, 9.25, 5, 9], "texture": "#1"},
				"down": {"uv": [9.5, 5, 9, 5.25], "texture": "#1"}
			}
		},
		{
			"from": [8.3, 19.15, 10.75],
			"to": [8.7, 20.15, 10.95],
			"rotation": {"angle": 22.5, "axis": "z", "origin": [8.25, 16, 8.25]},
			"faces": {
				"north": {"uv": [5.5, 9, 5.75, 9.5], "texture": "#1"},
				"east": {"uv": [9, 5.5, 9.25, 6], "texture": "#1"},
				"south": {"uv": [6, 9, 6.25, 9.5], "texture": "#1"},
				"west": {"uv": [9, 6, 9.25, 6.5], "texture": "#1"},
				"up": {"uv": [10.25, 1.25, 10, 1], "texture": "#1"},
				"down": {"uv": [10.25, 1.5, 10, 1.75], "texture": "#1"}
			}
		},
		{
			"from": [5.5, 21.1, 5.5],
			"to": [11, 22.1, 11],
			"faces": {
				"north": {"uv": [0, 6, 2.75, 6.5], "texture": "#0"},
				"east": {"uv": [5.5, 6, 8.25, 6.5], "texture": "#0"},
				"south": {"uv": [0, 6.5, 2.75, 7], "texture": "#0"},
				"west": {"uv": [5.5, 6.5, 8.25, 7], "texture": "#0"},
				"up": {"uv": [2.75, 2.75, 0, 0], "texture": "#0"},
				"down": {"uv": [2.75, 3, 0, 5.75], "texture": "#0"}
			}
		},
		{
			"from": [5.75, 17.1, 5.75],
			"to": [10.75, 21.1, 10.75],
			"faces": {
				"north": {"uv": [3, 5, 5.5, 7], "texture": "#0"},
				"east": {"uv": [5.5, 0, 8, 2], "texture": "#0"},
				"south": {"uv": [5.5, 2, 8, 4], "texture": "#0"},
				"west": {"uv": [5.5, 4, 8, 6], "texture": "#0"},
				"up": {"uv": [5.5, 2.5, 3, 0], "texture": "#0"},
				"down": {"uv": [5.5, 2.5, 3, 5], "texture": "#0"}
			}
		},
		{
			"from": [5.25, 24, 7.5],
			"to": [7.75, 24, 9],
			"rotation": {"angle": -22.5, "axis": "z", "origin": [1.75, 24, 8]},
			"faces": {
				"north": {"uv": [0, 7, 2.25, 7], "texture": "#0"},
				"east": {"uv": [0, 7, 1.125, 7], "texture": "#0"},
				"south": {"uv": [0, 7, 2.25, 7], "texture": "#0"},
				"west": {"uv": [0, 7, 1.125, 7], "texture": "#0"},
				"up": {"uv": [0, 7, 2.25, 8], "texture": "#0"},
				"down": {"uv": [0, 7, 2.25, 8], "texture": "#0"}
			}
		},
		{
			"from": [5.25, 25, 7.5],
			"to": [7.75, 25, 9],
			"rotation": {"angle": -22.5, "axis": "z", "origin": [1.75, 24, 8]},
			"faces": {
				"north": {"uv": [0, 7, 2.25, 7], "texture": "#0"},
				"east": {"uv": [0, 7, 1.125, 7], "texture": "#0"},
				"south": {"uv": [0, 7, 2.25, 7], "texture": "#0"},
				"west": {"uv": [0, 7, 1.125, 7], "texture": "#0"},
				"up": {"uv": [1.75, 8, 4, 9], "texture": "#0"},
				"down": {"uv": [1.75, 8, 4, 9], "texture": "#0"}
			}
		},
		{
			"from": [7.75, 24, 7.5],
			"to": [7.75, 25, 9],
			"rotation": {"angle": -22.5, "axis": "z", "origin": [1.75, 24, 8]},
			"faces": {
				"north": {"uv": [0.75, 8, 0.75, 8.5], "texture": "#0"},
				"east": {"uv": [0.75, 8, 1.75, 8.5], "texture": "#0"},
				"south": {"uv": [0.75, 8, 0.75, 8.5], "texture": "#0"},
				"west": {"uv": [0.75, 8, 1.75, 8.5], "texture": "#0"},
				"up": {"uv": [0.75, 8, 0.75, 9], "texture": "#0"},
				"down": {"uv": [0.75, 8, 0.75, 9], "texture": "#0"}
			}
		},
		{
			"from": [5.25, 24, 7.5],
			"to": [5.25, 25, 9],
			"rotation": {"angle": -22.5, "axis": "z", "origin": [1.75, 24, 8]},
			"faces": {
				"north": {"uv": [0.75, 8, 0.75, 8.5], "texture": "#0"},
				"east": {"uv": [0.75, 8, 1.75, 8.5], "texture": "#0"},
				"south": {"uv": [0.75, 8, 0.75, 8.5], "texture": "#0"},
				"west": {"uv": [0.75, 8, 1.75, 8.5], "texture": "#0"},
				"up": {"uv": [0.75, 8, 0.75, 9], "texture": "#0"},
				"down": {"uv": [0.75, 8, 0.75, 9], "texture": "#0"}
			}
		},
		{
			"from": [7.5, 23.5, 5.5],
			"to": [9, 23.5, 8],
			"rotation": {"angle": 22.5, "axis": "x", "origin": [1.75, 24, 3.25]},
			"faces": {
				"north": {"uv": [0, 7, 1.125, 7], "texture": "#0"},
				"east": {"uv": [0, 7, 2.25, 7], "texture": "#0"},
				"south": {"uv": [0, 7, 1.125, 7], "texture": "#0"},
				"west": {"uv": [0, 7, 2.25, 7], "texture": "#0"},
				"up": {"uv": [0, 7, 2.25, 8], "rotation": 270, "texture": "#0"},
				"down": {"uv": [0, 7, 2.25, 8], "rotation": 90, "texture": "#0"}
			}
		},
		{
			"from": [7.5, 24.5, 5.5],
			"to": [9, 24.5, 8],
			"rotation": {"angle": 22.5, "axis": "x", "origin": [1.75, 24, 3.25]},
			"faces": {
				"north": {"uv": [0, 7, 1.125, 7], "texture": "#0"},
				"east": {"uv": [0, 7, 2.25, 7], "texture": "#0"},
				"south": {"uv": [0, 7, 1.125, 7], "texture": "#0"},
				"west": {"uv": [0, 7, 2.25, 7], "texture": "#0"},
				"up": {"uv": [1.75, 8, 4, 9], "rotation": 270, "texture": "#0"},
				"down": {"uv": [1.75, 8, 4, 9], "rotation": 90, "texture": "#0"}
			}
		},
		{
			"from": [7.5, 23.5, 5.5],
			"to": [9, 24.5, 5.5],
			"rotation": {"angle": 22.5, "axis": "x", "origin": [1.75, 24, 3.25]},
			"faces": {
				"north": {"uv": [0.75, 8, 1.75, 8.5], "texture": "#0"},
				"east": {"uv": [0.75, 8, 0.75, 8.5], "texture": "#0"},
				"south": {"uv": [0.75, 8, 1.75, 8.5], "texture": "#0"},
				"west": {"uv": [0.75, 8, 0.75, 8.5], "texture": "#0"},
				"up": {"uv": [0.75, 8, 0.75, 9], "rotation": 270, "texture": "#0"},
				"down": {"uv": [0.75, 8, 0.75, 9], "rotation": 90, "texture": "#0"}
			}
		},
		{
			"from": [7.5, 23.5, 8],
			"to": [9, 24.5, 8],
			"rotation": {"angle": 22.5, "axis": "x", "origin": [1.75, 24, 3.25]},
			"faces": {
				"north": {"uv": [0.75, 8, 1.75, 8.5], "texture": "#0"},
				"east": {"uv": [0.75, 8, 0.75, 8.5], "texture": "#0"},
				"south": {"uv": [0.75, 8, 1.75, 8.5], "texture": "#0"},
				"west": {"uv": [0.75, 8, 0.75, 8.5], "texture": "#0"},
				"up": {"uv": [0.75, 8, 0.75, 9], "rotation": 270, "texture": "#0"},
				"down": {"uv": [0.75, 8, 0.75, 9], "rotation": 90, "texture": "#0"}
			}
		},
		{
			"from": [8.25, 21.5, 7.5],
			"to": [10.75, 21.5, 9],
			"rotation": {"angle": 22.5, "axis": "z", "origin": [8.25, 24, 6.75]},
			"faces": {
				"north": {"uv": [0, 7, 2.25, 7], "texture": "#0"},
				"east": {"uv": [0, 7, 1.125, 7], "texture": "#0"},
				"south": {"uv": [0, 7, 2.25, 7], "texture": "#0"},
				"west": {"uv": [0, 7, 1.125, 7], "texture": "#0"},
				"up": {"uv": [0, 7, 2.25, 8], "texture": "#0"},
				"down": {"uv": [0, 7, 2.25, 8], "texture": "#0"}
			}
		},
		{
			"from": [8.25, 22.5, 7.5],
			"to": [10.75, 22.5, 9],
			"rotation": {"angle": 22.5, "axis": "z", "origin": [8.25, 24, 6.75]},
			"faces": {
				"north": {"uv": [0, 7, 2.25, 7], "texture": "#0"},
				"east": {"uv": [0, 7, 1.125, 7], "texture": "#0"},
				"south": {"uv": [0, 7, 2.25, 7], "texture": "#0"},
				"west": {"uv": [0, 7, 1.125, 7], "texture": "#0"},
				"up": {"uv": [1.75, 8, 4, 9], "texture": "#0"},
				"down": {"uv": [1.75, 8, 4, 9], "texture": "#0"}
			}
		},
		{
			"from": [10.75, 21.5, 7.5],
			"to": [10.75, 22.5, 9],
			"rotation": {"angle": 22.5, "axis": "z", "origin": [8.25, 24, 6.75]},
			"faces": {
				"north": {"uv": [0.75, 8, 0.75, 8.5], "texture": "#0"},
				"east": {"uv": [0.75, 8, 1.75, 8.5], "texture": "#0"},
				"south": {"uv": [0.75, 8, 0.75, 8.5], "texture": "#0"},
				"west": {"uv": [0.75, 8, 1.75, 8.5], "texture": "#0"},
				"up": {"uv": [0.75, 8, 0.75, 9], "texture": "#0"},
				"down": {"uv": [0.75, 8, 0.75, 9], "texture": "#0"}
			}
		},
		{
			"from": [8.25, 21.5, 7.5],
			"to": [8.25, 22.5, 9],
			"rotation": {"angle": 22.5, "axis": "z", "origin": [8.25, 24, 6.75]},
			"faces": {
				"north": {"uv": [0.75, 8, 0.75, 8.5], "texture": "#0"},
				"east": {"uv": [0.75, 8, 1.75, 8.5], "texture": "#0"},
				"south": {"uv": [0.75, 8, 0.75, 8.5], "texture": "#0"},
				"west": {"uv": [0.75, 8, 1.75, 8.5], "texture": "#0"},
				"up": {"uv": [0.75, 8, 0.75, 9], "texture": "#0"},
				"down": {"uv": [0.75, 8, 0.75, 9], "texture": "#0"}
			}
		},
		{
			"from": [7.5, 21.5, 8.1],
			"to": [9, 21.5, 10.6],
			"rotation": {"angle": -22.5, "axis": "x", "origin": [9.75, 24, 8]},
			"faces": {
				"north": {"uv": [0, 7, 1.125, 7], "texture": "#0"},
				"east": {"uv": [0, 7, 2.25, 7], "texture": "#0"},
				"south": {"uv": [0, 7, 1.125, 7], "texture": "#0"},
				"west": {"uv": [0, 7, 2.25, 7], "texture": "#0"},
				"up": {"uv": [0, 7, 2.25, 8], "rotation": 90, "texture": "#0"},
				"down": {"uv": [0, 7, 2.25, 8], "rotation": 270, "texture": "#0"}
			}
		},
		{
			"from": [7.5, 22.5, 8.1],
			"to": [9, 22.5, 10.6],
			"rotation": {"angle": -22.5, "axis": "x", "origin": [9.75, 24, 8]},
			"faces": {
				"north": {"uv": [0, 7, 1.125, 7], "texture": "#0"},
				"east": {"uv": [0, 7, 2.25, 7], "texture": "#0"},
				"south": {"uv": [0, 7, 1.125, 7], "texture": "#0"},
				"west": {"uv": [0, 7, 2.25, 7], "texture": "#0"},
				"up": {"uv": [1.75, 8, 4, 9], "rotation": 90, "texture": "#0"},
				"down": {"uv": [1.75, 8, 4, 9], "rotation": 270, "texture": "#0"}
			}
		},
		{
			"from": [7.5, 21.5, 10.6],
			"to": [9, 22.5, 10.6],
			"rotation": {"angle": -22.5, "axis": "x", "origin": [9.75, 24, 8]},
			"faces": {
				"north": {"uv": [0.75, 8, 1.75, 8.5], "texture": "#0"},
				"east": {"uv": [0.75, 8, 0.75, 8.5], "texture": "#0"},
				"south": {"uv": [0.75, 8, 1.75, 8.5], "texture": "#0"},
				"west": {"uv": [0.75, 8, 0.75, 8.5], "texture": "#0"},
				"up": {"uv": [0.75, 8, 0.75, 9], "rotation": 90, "texture": "#0"},
				"down": {"uv": [0.75, 8, 0.75, 9], "rotation": 270, "texture": "#0"}
			}
		},
		{
			"from": [7.5, 21.5, 8.1],
			"to": [9, 22.5, 8.1],
			"rotation": {"angle": -22.5, "axis": "x", "origin": [9.75, 24, 8]},
			"faces": {
				"north": {"uv": [0.75, 8, 1.75, 8.5], "texture": "#0"},
				"east": {"uv": [0.75, 8, 0.75, 8.5], "texture": "#0"},
				"south": {"uv": [0.75, 8, 1.75, 8.5], "texture": "#0"},
				"west": {"uv": [0.75, 8, 0.75, 8.5], "texture": "#0"},
				"up": {"uv": [0.75, 8, 0.75, 9], "rotation": 90, "texture": "#0"},
				"down": {"uv": [0.75, 8, 0.75, 9], "rotation": 270, "texture": "#0"}
			}
		}
	],
	"display": {
		"thirdperson_righthand": {
			"translation": [-0.75, 2.5, 0.75]
		},
		"thirdperson_lefthand": {
			"translation": [-0.75, 2.5, 0.75]
		},
		"ground": {
			"translation": [0, 14.75, 0]
		},
		"gui": {
			"rotation": [1.45, 11.17, -43.13],
			"translation": [1, 1, 0],
			"scale": [0.6, 0.6, 0.6]
		},
		"head": {
			"translation": [0, 0, -14.5]
		},
		"fixed": {
			"translation": [0, 0, -3]
		}
	},
	"groups": [
		{
			"name": "rykoyat",
			"origin": [8, 8, 8],
			"color": 0,
			"children": [0, 1, 2, 3, 4, 5, 6, 7, 8, 9, 10, 11, 12, 13, 14, 15, 16, 17, 18, 19, 20, 21, 22, 23, 24, 25]
		},
		{
			"name": "Gift",
			"origin": [8, 8, 8],
			"color": 0,
			"children": [26, 27]
		},
		{
			"name": "Bantik",
			"origin": [8, 8, 8],
			"color": 0,
			"children": [28, 29, 30, 31]
		},
		{
			"name": "Bantik2",
			"origin": [8, 8, 8],
			"color": 0,
			"children": [32, 33, 34, 35]
		},
		{
			"name": "Bantik3",
			"origin": [8, 8, 8],
			"color": 0,
			"children": [36, 37, 38, 39]
		},
		{
			"name": "Bantik4",
			"origin": [8, 8, 8],
			"color": 0,
			"children": [40, 41, 42, 43]
		}
	]
}