{
	"credit": "Made with Blockbench",
	"textures": {
		"0": "./enihei"
	},
	"elements": [
		{
			"from": [7, 4, 11],
			"to": [10, 5, 13],
			"faces": {
				"north": {"uv": [8.5, 2, 9.25, 2.25], "texture": "#0"},
				"east": {"uv": [9, 2, 9.25, 2.25], "texture": "#0"},
				"south": {"uv": [8.5, 2, 9.25, 2.25], "texture": "#0"},
				"west": {"uv": [8.5, 2, 8.75, 2.25], "texture": "#0"},
				"up": {"uv": [8.5, 2, 9.25, 2.25], "texture": "#0"},
				"down": {"uv": [8.5, 2, 8.75, 2.25], "texture": "#0"}
			}
		},
		{
			"from": [7, 3, 3],
			"to": [10, 4, 5],
			"rotation": {"angle": 0, "axis": "y", "origin": [0, 0, 16]},
			"faces": {
				"north": {"uv": [9.25, 2.25, 8.5, 2.5], "texture": "#0"},
				"east": {"uv": [9.25, 2.25, 9, 2.5], "texture": "#0"},
				"south": {"uv": [8.5, 2.25, 9.25, 2.5], "texture": "#0"},
				"west": {"uv": [8.75, 2.25, 8.5, 2.5], "texture": "#0"},
				"up": {"uv": [8.5, 2.5, 9.25, 2.25], "texture": "#0"},
				"down": {"uv": [8.5, 2.5, 9.25, 2.25], "texture": "#0"}
			}
		},
		{
			"from": [10, 1, 3],
			"to": [11, 2, 4],
			"rotation": {"angle": 0, "axis": "y", "origin": [0, 0, 16]},
			"faces": {
				"north": {"uv": [9.5, 2.75, 9.25, 3], "texture": "#0"},
				"east": {"uv": [9.5, 2.75, 9.25, 3], "texture": "#0"},
				"south": {"uv": [9.5, 2.75, 9.25, 3], "texture": "#0"},
				"west": {"uv": [9.5, 2.75, 9.25, 3], "texture": "#0"},
				"up": {"uv": [9.25, 3, 9.5, 2.75], "texture": "#0"},
				"down": {"uv": [9.25, 3, 9.5, 2.75], "texture": "#0"}
			}
		},
		{
			"from": [9, 0, 3],
			"to": [10, 1, 4],
			"rotation": {"angle": 0, "axis": "y", "origin": [0, 0, 16]},
			"faces": {
				"north": {"uv": [9.25, 3, 9, 3.25], "texture": "#0"},
				"east": {"uv": [9.25, 3, 9, 3.25], "texture": "#0"},
				"south": {"uv": [9.25, 3, 9, 3.25], "texture": "#0"},
				"west": {"uv": [9.25, 3, 9, 3.25], "texture": "#0"},
				"up": {"uv": [9, 3.25, 9.25, 3], "texture": "#0"},
				"down": {"uv": [9, 3.25, 9.25, 3], "texture": "#0"}
			}
		},
		{
			"from": [8, 0, 3],
			"to": [9, 2, 4],
			"rotation": {"angle": 0, "axis": "y", "origin": [0, 0, 16]},
			"faces": {
				"north": {"uv": [9, 2.75, 8.75, 3.25], "texture": "#0"},
				"east": {"uv": [9, 2.75, 8.75, 3.25], "texture": "#0"},
				"south": {"uv": [9, 2.75, 8.75, 3.25], "texture": "#0"},
				"west": {"uv": [1, 0, 0, 2], "texture": "#missing"},
				"up": {"uv": [8.75, 3, 9, 2.75], "texture": "#0"},
				"down": {"uv": [8.75, 3.25, 9, 3], "texture": "#0"}
			}
		},
		{
			"from": [7, 0, 3],
			"to": [8, 3, 4],
			"rotation": {"angle": 0, "axis": "y", "origin": [0, 0, 16]},
			"faces": {
				"north": {"uv": [8.75, 2.5, 8.5, 3.25], "texture": "#0"},
				"east": {"uv": [8.75, 2.5, 8.5, 3.25], "texture": "#0"},
				"south": {"uv": [8.75, 2.5, 8.5, 3.25], "texture": "#0"},
				"west": {"uv": [8.75, 2.5, 8.5, 3.25], "texture": "#0"},
				"up": {"uv": [0, 1, 1, 0], "texture": "#missing"},
				"down": {"uv": [8.5, 3.25, 8.75, 3], "texture": "#0"}
			}
		},
		{
			"from": [6, 1, 3],
			"to": [7, 4, 4],
			"rotation": {"angle": 0, "axis": "y", "origin": [0, 0, 16]},
			"faces": {
				"north": {"uv": [8.5, 2.25, 8.25, 3], "texture": "#0"},
				"east": {"uv": [1, 0, 0, 3], "texture": "#missing"},
				"south": {"uv": [8.5, 2.25, 8.25, 3], "texture": "#0"},
				"west": {"uv": [8.5, 2.25, 8.25, 3], "texture": "#0"},
				"up": {"uv": [8.25, 2.5, 8.5, 2.25], "texture": "#0"},
				"down": {"uv": [8.25, 3, 8.5, 2.75], "texture": "#0"}
			}
		},
		{
			"from": [7, 4, 3],
			"to": [10, 5, 5],
			"rotation": {"angle": 0, "axis": "y", "origin": [0, 0, 16]},
			"faces": {
				"north": {"uv": [9.25, 2, 8.5, 2.25], "texture": "#0"},
				"east": {"uv": [9.25, 2, 9, 2.25], "texture": "#0"},
				"south": {"uv": [9.25, 2, 8.5, 2.25], "texture": "#0"},
				"west": {"uv": [8.75, 2, 8.5, 2.25], "texture": "#0"},
				"up": {"uv": [8.5, 2.25, 9.25, 2], "texture": "#0"},
				"down": {"uv": [8.5, 2.25, 8.75, 2], "texture": "#0"}
			}
		},
		{
			"from": [7, 3, 11],
			"to": [10, 4, 13],
			"faces": {
				"north": {"uv": [9.25, 2.25, 8.5, 2.5], "texture": "#0"},
				"east": {"uv": [9, 2.25, 9.25, 2.5], "texture": "#0"},
				"south": {"uv": [8.5, 2.25, 9.25, 2.5], "texture": "#0"},
				"west": {"uv": [8.5, 2.25, 8.75, 2.5], "texture": "#0"},
				"up": {"uv": [8.5, 2.25, 9.25, 2.5], "texture": "#0"},
				"down": {"uv": [8.5, 2.25, 9.25, 2.5], "texture": "#0"}
			}
		},
		{
			"from": [6, 1, 12],
			"to": [7, 4, 13],
			"faces": {
				"north": {"uv": [8.25, 2.25, 8.5, 3], "texture": "#0"},
				"east": {"uv": [0, 0, 1, 3], "texture": "#missing"},
				"south": {"uv": [8.25, 2.25, 8.5, 3], "texture": "#0"},
				"west": {"uv": [8.25, 2.25, 8.5, 3], "texture": "#0"},
				"up": {"uv": [8.25, 2.25, 8.5, 2.5], "texture": "#0"},
				"down": {"uv": [8.25, 2.75, 8.5, 3], "texture": "#0"}
			}
		},
		{
			"from": [7, 0, 12],
			"to": [8, 3, 13],
			"faces": {
				"north": {"uv": [8.5, 2.5, 8.75, 3.25], "texture": "#0"},
				"east": {"uv": [8.5, 2.5, 8.75, 3.25], "texture": "#0"},
				"south": {"uv": [8.5, 2.5, 8.75, 3.25], "texture": "#0"},
				"west": {"uv": [8.5, 2.5, 8.75, 3.25], "texture": "#0"},
				"up": {"uv": [0, 0, 1, 1], "texture": "#missing"},
				"down": {"uv": [8.5, 3, 8.75, 3.25], "texture": "#0"}
			}
		},
		{
			"from": [8, 0, 12],
			"to": [9, 2, 13],
			"faces": {
				"north": {"uv": [8.75, 2.75, 9, 3.25], "texture": "#0"},
				"east": {"uv": [8.75, 2.75, 9, 3.25], "texture": "#0"},
				"south": {"uv": [8.75, 2.75, 9, 3.25], "texture": "#0"},
				"west": {"uv": [0, 0, 1, 2], "texture": "#missing"},
				"up": {"uv": [8.75, 2.75, 9, 3], "texture": "#0"},
				"down": {"uv": [8.75, 3, 9, 3.25], "texture": "#0"}
			}
		},
		{
			"from": [9, 0, 12],
			"to": [10, 1, 13],
			"faces": {
				"north": {"uv": [9, 3, 9.25, 3.25], "texture": "#0"},
				"east": {"uv": [9, 3, 9.25, 3.25], "texture": "#0"},
				"south": {"uv": [9, 3, 9.25, 3.25], "texture": "#0"},
				"west": {"uv": [9, 3, 9.25, 3.25], "texture": "#0"},
				"up": {"uv": [9, 3, 9.25, 3.25], "texture": "#0"},
				"down": {"uv": [9, 3, 9.25, 3.25], "texture": "#0"}
			}
		},
		{
			"from": [10, 1, 12],
			"to": [11, 2, 13],
			"faces": {
				"north": {"uv": [9.25, 2.75, 9.5, 3], "texture": "#0"},
				"east": {"uv": [9.25, 2.75, 9.5, 3], "texture": "#0"},
				"south": {"uv": [9.25, 2.75, 9.5, 3], "texture": "#0"},
				"west": {"uv": [9.25, 2.75, 9.5, 3], "texture": "#0"},
				"up": {"uv": [9.25, 2.75, 9.5, 3], "texture": "#0"},
				"down": {"uv": [9.25, 2.75, 9.5, 3], "texture": "#0"}
			}
		}
	],
	"display": {
		"thirdperson_righthand": {
			"rotation": [0, 90, 0],
			"translation": [0, 7, 0],
			"scale": [1.03, 1.01, 0.62]
		},
		"thirdperson_lefthand": {
			"rotation": [0, -90, 0],
			"translation": [0, 7, 0],
			"scale": [1.03, 1.01, 0.62]
		},
		"firstperson_righthand": {
			"rotation": [0, 90, 0],
			"translation": [0, 8.5, 0]
		},
		"firstperson_lefthand": {
			"rotation": [0, -90, 0],
			"translation": [0, 8.5, 0]
		},
		"ground": {
			"translation": [0, 4.75, 0]
		},
		"gui": {
			"rotation": [0, 180, 0],
			"translation": [1.25, 14, 0],
			"scale": [2.67, 2.62, 1.98]
		},
		"head": {
			"rotation": [0, 90, 0],
			"translation": [0, 12.75, 1.75],
			"scale": [1.88, 1.84, 1.64]
		},
		"fixed": {
			"rotation": [0, 90, 0],
			"translation": [0, 15.75, -6],
			"scale": [3, 3, 1.99]
		}
	}
}