{
	"credit": "Made with Blockbench",
	"texture_size": [64, 32],
	"textures": {
		"0": "./shadowdemonhdhat",
		"particle": "./shadowdemonhdhat"
	},
	"elements": [
		{
			"from": [4.1, 5.5, 4],
			"to": [12.1, 8.3, 12],
			"rotation": {"angle": 0, "axis": "y", "origin": [-0.9, -26, 2]},
			"faces": {
				"north": {"uv": [4.25, 9.5, 6.25, 10.5], "texture": "#0"},
				"east": {"uv": [2.25, 9.5, 4.25, 10.5], "texture": "#0"},
				"south": {"uv": [8.25, 9.5, 10.25, 10.5], "texture": "#0"},
				"west": {"uv": [6.25, 9.5, 8.25, 10.5], "texture": "#0"},
				"up": {"uv": [6.25, 9.5, 4.25, 5.5], "texture": "#0"},
				"down": {"uv": [8.25, 5.5, 6.25, 9.5], "texture": "#missing"}
			}
		},
		{
			"from": [11.9, 5.1, 1.4],
			"to": [12.9, 7.1, 5.4],
			"rotation": {"angle": 0, "axis": "y", "origin": [-0.9, -26.7, 2.3]},
			"faces": {
				"north": {"uv": [12.25, 9, 12.5, 10], "texture": "#0"},
				"east": {"uv": [11.25, 9, 12.25, 10], "texture": "#0"},
				"south": {"uv": [13.5, 9, 13.75, 10], "texture": "#0"},
				"west": {"uv": [12.5, 9, 13.5, 10], "texture": "#0"},
				"up": {"uv": [12.5, 9, 12.25, 7], "texture": "#0"},
				"down": {"uv": [12.75, 7, 12.5, 9], "texture": "#0"}
			}
		},
		{
			"from": [11.9, 7.1, 1.4],
			"to": [12.9, 9.1, 3.4],
			"rotation": {"angle": 0, "axis": "y", "origin": [-0.9, -26.7, 2.3]},
			"faces": {
				"north": {"uv": [12.25, 9, 12.5, 10], "texture": "#0"},
				"east": {"uv": [11.75, 9, 12.25, 10], "texture": "#0"},
				"south": {"uv": [13, 9, 13.25, 10], "texture": "#0"},
				"west": {"uv": [12.5, 9, 13, 10], "texture": "#0"},
				"up": {"uv": [12.5, 9, 12.25, 8], "texture": "#0"},
				"down": {"uv": [12.75, 8, 12.5, 9], "texture": "#missing"}
			}
		},
		{
			"from": [3.3, 5.2, 1.4],
			"to": [4.3, 7.2, 5.4],
			"rotation": {"angle": 0, "axis": "y", "origin": [-0.9, -26.5, 2.3]},
			"faces": {
				"north": {"uv": [12.25, 6, 12.5, 7], "texture": "#0"},
				"east": {"uv": [11.25, 6, 12.25, 7], "texture": "#0"},
				"south": {"uv": [13.5, 6, 13.75, 7], "texture": "#0"},
				"west": {"uv": [12.5, 6, 13.5, 7], "texture": "#0"},
				"up": {"uv": [12.5, 6, 12.25, 4], "texture": "#0"},
				"down": {"uv": [12.75, 4, 12.5, 6], "texture": "#0"}
			}
		},
		{
			"from": [3.3, 7.2, 1.4],
			"to": [4.3, 9.2, 3.4],
			"rotation": {"angle": 0, "axis": "y", "origin": [-0.9, -26.5, 2.3]},
			"faces": {
				"north": {"uv": [12.25, 6, 12.5, 7], "texture": "#0"},
				"east": {"uv": [11.75, 6, 12.25, 7], "texture": "#0"},
				"south": {"uv": [13, 6, 13.25, 7], "texture": "#0"},
				"west": {"uv": [12.5, 6, 13, 7], "texture": "#0"},
				"up": {"uv": [12.5, 6, 12.25, 5], "texture": "#0"},
				"down": {"uv": [12.75, 5, 12.5, 6], "texture": "#missing"}
			}
		},
		{
			"from": [3.1, 4.5, 3.1],
			"to": [13.1, 5.5, 13.1],
			"rotation": {"angle": 0, "axis": "y", "origin": [-0.9, -26, 2]},
			"faces": {
				"north": {"uv": [2.75, 5, 5.25, 5.5], "texture": "#0"},
				"east": {"uv": [0.25, 5, 2.75, 5.5], "texture": "#0"},
				"south": {"uv": [7.75, 5, 10.25, 5.5], "texture": "#0"},
				"west": {"uv": [5.25, 5, 7.75, 5.5], "texture": "#0"},
				"up": {"uv": [5.25, 5, 2.75, 0], "texture": "#0"},
				"down": {"uv": [7.75, 0, 5.25, 5], "texture": "#0"}
			}
		}
	],
	"display": {
		"thirdperson_righthand": {
			"translation": [-1.25, 2.25, 1],
			"scale": [0.7, 0.7, 0.7]
		},
		"thirdperson_lefthand": {
			"translation": [-1.25, 2.25, 1],
			"scale": [0.7, 0.7, 0.7]
		},
		"firstperson_righthand": {
			"translation": [1.75, 2.25, 0]
		},
		"firstperson_lefthand": {
			"translation": [1.75, 2.25, 0]
		},
		"ground": {
			"scale": [0.8, 0.8, 0.8]
		},
		"gui": {
			"rotation": [0, 140, 0],
			"translation": [0.5, 0.25, 0]
		},
		"head": {
			"translation": [-0.25, 7.75, 0],
			"scale": [1.85, 1.8, 1.85]
		},
		"fixed": {
			"translation": [0, 1.25, -0.5]
		}
	}
}