{
	"credit": "Made with Blockbench",
	"textures": {
		"0": "./kyr4lll",
		"particle": "./kyr4lll"
	},
	"elements": [
		{
			"from": [9.5, -0.5, 2],
			"to": [10.5, 3.5, 3],
			"faces": {
				"north": {"uv": [8.5, 2, 8.75, 3], "texture": "#0"},
				"east": {"uv": [8.5, 2, 8.75, 3], "texture": "#0"},
				"south": {"uv": [8.5, 2, 8.75, 3], "texture": "#0"},
				"west": {"uv": [8.5, 2, 8.75, 3], "texture": "#0"},
				"up": {"uv": [8.5, 2, 8.75, 2.25], "texture": "#0"},
				"down": {"uv": [8.5, 2, 8.75, 2.25], "texture": "#0"}
			}
		},
		{
			"from": [9.5, 2.5, 10],
			"to": [10.5, 3.5, 11],
			"rotation": {"angle": 0, "axis": "y", "origin": [0, 0, 16]},
			"faces": {
				"north": {"uv": [8.75, 2, 8.5, 2.25], "texture": "#0"},
				"east": {"uv": [8.75, 2, 8.5, 2.25], "texture": "#0"},
				"south": {"uv": [8.75, 2, 8.5, 2.25], "texture": "#0"},
				"west": {"uv": [8.75, 2, 8.5, 2.25], "texture": "#0"},
				"up": {"uv": [8.5, 2.25, 8.75, 2], "texture": "#0"},
				"down": {"uv": [8.5, 2.25, 8.75, 2], "texture": "#0"}
			}
		},
		{
			"from": [5.5, 1.5, 11],
			"to": [6.5, 2.5, 12],
			"rotation": {"angle": 0, "axis": "y", "origin": [0, 0, 16]},
			"faces": {
				"north": {"uv": [9.75, 2.25, 9.5, 2.5], "texture": "#0"},
				"east": {"uv": [9.75, 2.25, 9.5, 2.5], "texture": "#0"},
				"south": {"uv": [9.75, 2.25, 9.5, 2.5], "texture": "#0"},
				"west": {"uv": [9.75, 2.25, 9.5, 2.5], "texture": "#0"},
				"up": {"uv": [9.5, 2.5, 9.75, 2.25], "texture": "#0"},
				"down": {"uv": [9.5, 2.5, 9.75, 2.25], "texture": "#0"}
			}
		},
		{
			"from": [6.5, 0.5, 11],
			"to": [7.5, 1.5, 12],
			"rotation": {"angle": 0, "axis": "y", "origin": [0, 0, 16]},
			"faces": {
				"north": {"uv": [9.5, 2.5, 9.25, 2.75], "texture": "#0"},
				"east": {"uv": [9.5, 2.5, 9.25, 2.75], "texture": "#0"},
				"south": {"uv": [9.5, 2.5, 9.25, 2.75], "texture": "#0"},
				"west": {"uv": [9.5, 2.5, 9.25, 2.75], "texture": "#0"},
				"up": {"uv": [9.25, 2.75, 9.5, 2.5], "texture": "#0"},
				"down": {"uv": [9.25, 2.75, 9.5, 2.5], "texture": "#0"}
			}
		},
		{
			"from": [7.5, -0.5, 11],
			"to": [8.5, 1.5, 12],
			"rotation": {"angle": 0, "axis": "y", "origin": [0, 0, 16]},
			"faces": {
				"north": {"uv": [9.25, 2.5, 9, 3], "texture": "#0"},
				"east": {"uv": [9.25, 2.5, 9, 3], "texture": "#0"},
				"south": {"uv": [9.25, 2.5, 9, 3], "texture": "#0"},
				"west": {"uv": [9.25, 2.5, 9, 3], "texture": "#0"},
				"up": {"uv": [9, 2.75, 9.25, 2.5], "texture": "#0"},
				"down": {"uv": [9, 3, 9.25, 2.75], "texture": "#0"}
			}
		},
		{
			"from": [8.5, -0.5, 11],
			"to": [9.5, 2.5, 12],
			"rotation": {"angle": 0, "axis": "y", "origin": [0, 0, 16]},
			"faces": {
				"north": {"uv": [9, 2.25, 8.75, 3], "texture": "#0"},
				"east": {"uv": [9, 2.25, 8.75, 3], "texture": "#0"},
				"south": {"uv": [9, 2.25, 8.75, 3], "texture": "#0"},
				"west": {"uv": [9, 2.25, 8.75, 3], "texture": "#0"},
				"up": {"uv": [8.75, 2.5, 9, 2.25], "texture": "#0"},
				"down": {"uv": [8.75, 3, 9, 2.75], "texture": "#0"}
			}
		},
		{
			"from": [10.5, 0.5, 11],
			"to": [11.5, 2.5, 12],
			"rotation": {"angle": 0, "axis": "y", "origin": [0, 0, 16]},
			"faces": {
				"north": {"uv": [8.5, 2.25, 8.25, 2.75], "texture": "#0"},
				"east": {"uv": [8.5, 2.25, 8.25, 2.75], "texture": "#0"},
				"south": {"uv": [8.5, 2.25, 8.25, 2.75], "texture": "#0"},
				"west": {"uv": [1, 0, 0, 2], "texture": "#missing"},
				"up": {"uv": [8.25, 2.5, 8.5, 2.25], "texture": "#0"},
				"down": {"uv": [8.25, 2.75, 8.5, 2.5], "texture": "#0"}
			}
		},
		{
			"from": [9.5, -0.5, 11],
			"to": [10.5, 3.5, 12],
			"rotation": {"angle": 0, "axis": "y", "origin": [0, 0, 16]},
			"faces": {
				"north": {"uv": [8.75, 2, 8.5, 3], "texture": "#0"},
				"east": {"uv": [8.75, 2, 8.5, 3], "texture": "#0"},
				"south": {"uv": [8.75, 2, 8.5, 3], "texture": "#0"},
				"west": {"uv": [8.75, 2, 8.5, 3], "texture": "#0"},
				"up": {"uv": [8.5, 2.25, 8.75, 2], "texture": "#0"},
				"down": {"uv": [8.5, 2.25, 8.75, 2], "texture": "#0"}
			}
		},
		{
			"from": [9.5, 2.5, 3],
			"to": [10.5, 3.5, 4],
			"faces": {
				"north": {"uv": [8.5, 2, 8.75, 2.25], "texture": "#0"},
				"east": {"uv": [8.5, 2, 8.75, 2.25], "texture": "#0"},
				"south": {"uv": [8.5, 2, 8.75, 2.25], "texture": "#0"},
				"west": {"uv": [8.5, 2, 8.75, 2.25], "texture": "#0"},
				"up": {"uv": [8.5, 2, 8.75, 2.25], "texture": "#0"},
				"down": {"uv": [8.5, 2, 8.75, 2.25], "texture": "#0"}
			}
		},
		{
			"from": [8.5, -0.5, 2],
			"to": [9.5, 2.5, 3],
			"faces": {
				"north": {"uv": [8.75, 2.25, 9, 3], "texture": "#0"},
				"east": {"uv": [8.75, 2.25, 9, 3], "texture": "#0"},
				"south": {"uv": [8.75, 2.25, 9, 3], "texture": "#0"},
				"west": {"uv": [8.75, 2.25, 9, 3], "texture": "#0"},
				"up": {"uv": [8.75, 2.25, 9, 2.5], "texture": "#0"},
				"down": {"uv": [8.75, 2.75, 9, 3], "texture": "#0"}
			}
		},
		{
			"from": [7.5, -0.5, 2],
			"to": [8.5, 1.5, 3],
			"faces": {
				"north": {"uv": [9, 2.5, 9.25, 3], "texture": "#0"},
				"east": {"uv": [9, 2.5, 9.25, 3], "texture": "#0"},
				"south": {"uv": [9, 2.5, 9.25, 3], "texture": "#0"},
				"west": {"uv": [9, 2.5, 9.25, 3], "texture": "#0"},
				"up": {"uv": [9, 2.5, 9.25, 2.75], "texture": "#0"},
				"down": {"uv": [9, 2.75, 9.25, 3], "texture": "#0"}
			}
		},
		{
			"from": [6.5, 0.5, 2],
			"to": [7.5, 1.5, 3],
			"faces": {
				"north": {"uv": [9.25, 2.5, 9.5, 2.75], "texture": "#0"},
				"east": {"uv": [9.25, 2.5, 9.5, 2.75], "texture": "#0"},
				"south": {"uv": [9.25, 2.5, 9.5, 2.75], "texture": "#0"},
				"west": {"uv": [9.25, 2.5, 9.5, 2.75], "texture": "#0"},
				"up": {"uv": [9.25, 2.5, 9.5, 2.75], "texture": "#0"},
				"down": {"uv": [9.25, 2.5, 9.5, 2.75], "texture": "#0"}
			}
		},
		{
			"from": [5.5, 1.5, 2],
			"to": [6.5, 2.5, 3],
			"faces": {
				"north": {"uv": [9.5, 2.25, 9.75, 2.5], "texture": "#0"},
				"east": {"uv": [9.5, 2.25, 9.75, 2.5], "texture": "#0"},
				"south": {"uv": [9.5, 2.25, 9.75, 2.5], "texture": "#0"},
				"west": {"uv": [9.5, 2.25, 9.75, 2.5], "texture": "#0"},
				"up": {"uv": [9.5, 2.25, 9.75, 2.5], "texture": "#0"},
				"down": {"uv": [9.5, 2.25, 9.75, 2.5], "texture": "#0"}
			}
		},
		{
			"from": [10.5, 0.5, 2],
			"to": [11.5, 2.5, 3],
			"faces": {
				"north": {"uv": [8.25, 2.25, 8.5, 2.75], "texture": "#0"},
				"east": {"uv": [8.25, 2.25, 8.5, 2.75], "texture": "#0"},
				"south": {"uv": [8.25, 2.25, 8.5, 2.75], "texture": "#0"},
				"west": {"uv": [0, 0, 1, 2], "texture": "#missing"},
				"up": {"uv": [8.25, 2.25, 8.5, 2.5], "texture": "#0"},
				"down": {"uv": [8.25, 2.5, 8.5, 2.75], "texture": "#0"}
			}
		}
	],
	"display": {
		"thirdperson_righthand": {
			"rotation": [0, -90, -51],
			"translation": [-1.25, 5.75, 4.5],
			"scale": [0.98, 1.01, 0.61]
		},
		"thirdperson_lefthand": {
			"rotation": [0, 90, 51],
			"translation": [-1.25, 5.75, 4.75],
			"scale": [0.98, 1.01, 0.61]
		},
		"firstperson_righthand": {
			"rotation": [0, -90, 0],
			"translation": [0, 9.5, 0]
		},
		"firstperson_lefthand": {
			"rotation": [0, 90, 0],
			"translation": [0, 9.5, 0]
		},
		"ground": {
			"translation": [0, 4.5, 0]
		},
		"gui": {
			"translation": [-1.75, 13, 0],
			"scale": [2, 2, 1]
		},
		"head": {
			"rotation": [0, -90, 0],
			"translation": [-1.75, 15, -0.75],
			"scale": [1.81, 1.72, 1.67]
		},
		"fixed": {
			"rotation": [0, -90, 0],
			"translation": [-2.25, 13.25, -7.5],
			"scale": [2.38, 2.37, 1.76]
		}
	}
}