{
	"credit": "Made with Blockbench",
	"texture_size": [32, 32],
	"textures": {
		"0": "./pomidor",
		"1": "./pomidor1",
		"particle": "./pomidor"
	},
	"elements": [
		{
			"from": [1, 1, 15],
			"to": [2, 15, 16],
			"faces": {
				"north": {"uv": [1.75, 6.625, 2, 8.625], "texture": "#0"},
				"east": {"uv": [3, 6.625, 3.125, 8.625], "texture": "#0"},
				"south": {"uv": [2, 6.625, 2.25, 8.625], "texture": "#0"},
				"west": {"uv": [3.125, 6.625, 3.25, 8.625], "texture": "#0"},
				"up": {"uv": [4.5, 8.625, 4.25, 8.5], "texture": "#0"},
				"down": {"uv": [8.75, 4.375, 8.5, 4.5], "texture": "#0"}
			}
		},
		{
			"from": [14, 1, 0],
			"to": [15, 15, 1],
			"faces": {
				"north": {"uv": [0, 0, 2, 2], "texture": "#0"},
				"east": {"uv": [2.75, 6.625, 2.875, 8.625], "texture": "#0"},
				"south": {"uv": [0, 2, 2, 4], "texture": "#0"},
				"west": {"uv": [2.875, 6.625, 3, 8.625], "texture": "#0"},
				"up": {"uv": [9.25, 0.625, 7.25, 0.5], "texture": "#0"},
				"down": {"uv": [9.25, 0.625, 7.25, 0.75], "texture": "#0"}
			}
		},
		{
			"from": [1, 1, 0],
			"to": [2, 15, 1],
			"faces": {
				"north": {"uv": [0, 0, 2, 2], "texture": "#0"},
				"east": {"uv": [2.75, 6.625, 2.875, 8.625], "texture": "#0"},
				"south": {"uv": [0, 2, 2, 4], "texture": "#0"},
				"west": {"uv": [2.875, 6.625, 3, 8.625], "texture": "#0"},
				"up": {"uv": [9.25, 0.625, 7.25, 0.5], "texture": "#0"},
				"down": {"uv": [9.25, 0.625, 7.25, 0.75], "texture": "#0"}
			}
		},
		{
			"from": [2, 0, 0],
			"to": [14, 16, 1],
			"faces": {
				"north": {"uv": [0, 0, 2, 2], "texture": "#0"},
				"east": {"uv": [2.75, 6.625, 2.875, 8.625], "texture": "#0"},
				"south": {"uv": [0, 2, 2, 4], "texture": "#0"},
				"west": {"uv": [2.875, 6.625, 3, 8.625], "texture": "#0"},
				"up": {"uv": [9.25, 0.625, 7.25, 0.5], "texture": "#0"},
				"down": {"uv": [9.25, 0.625, 7.25, 0.75], "texture": "#0"}
			}
		},
		{
			"from": [0, 0, 2],
			"to": [1, 16, 14],
			"faces": {
				"north": {"uv": [1.25, 7, 1.375, 9], "texture": "#0"},
				"east": {"uv": [2, 0, 3.75, 2], "texture": "#0"},
				"south": {"uv": [1.375, 7, 1.5, 9], "texture": "#0"},
				"west": {"uv": [2, 2, 3.75, 4], "texture": "#0"},
				"up": {"uv": [3.375, 9.125, 3.25, 7.375], "texture": "#0"},
				"down": {"uv": [3.5, 7.375, 3.375, 9.125], "texture": "#0"}
			}
		},
		{
			"from": [0, 1, 1],
			"to": [1, 15, 2],
			"faces": {
				"north": {"uv": [1.25, 7, 1.375, 9], "texture": "#0"},
				"east": {"uv": [2, 0, 3.75, 2], "texture": "#0"},
				"south": {"uv": [1.375, 7, 1.5, 9], "texture": "#0"},
				"west": {"uv": [2, 2, 3.75, 4], "texture": "#0"},
				"up": {"uv": [3.375, 9.125, 3.25, 7.375], "texture": "#0"},
				"down": {"uv": [3.5, 7.375, 3.375, 9.125], "texture": "#0"}
			}
		},
		{
			"from": [0, 1, 14],
			"to": [1, 15, 15],
			"faces": {
				"north": {"uv": [1.25, 7, 1.375, 9], "texture": "#0"},
				"east": {"uv": [2, 0, 3.75, 2], "texture": "#0"},
				"south": {"uv": [1.375, 7, 1.5, 9], "texture": "#0"},
				"west": {"uv": [2, 2, 3.75, 4], "texture": "#0"},
				"up": {"uv": [3.375, 9.125, 3.25, 7.375], "texture": "#0"},
				"down": {"uv": [3.5, 7.375, 3.375, 9.125], "texture": "#0"}
			}
		},
		{
			"from": [15, 0, 2],
			"to": [16, 16, 14],
			"faces": {
				"north": {"uv": [1.5, 7, 1.625, 9], "texture": "#0"},
				"east": {"uv": [3.75, 0, 5.5, 2], "texture": "#0"},
				"south": {"uv": [1.625, 7, 1.75, 9], "texture": "#0"},
				"west": {"uv": [3.75, 2, 5.5, 4], "texture": "#0"},
				"up": {"uv": [3.625, 9.125, 3.5, 7.375], "texture": "#0"},
				"down": {"uv": [3.75, 7.375, 3.625, 9.125], "texture": "#0"}
			}
		},
		{
			"from": [15, 1, 14],
			"to": [16, 15, 15],
			"faces": {
				"north": {"uv": [1.5, 7, 1.625, 9], "texture": "#0"},
				"east": {"uv": [3.75, 0, 5.5, 2], "texture": "#0"},
				"south": {"uv": [1.625, 7, 1.75, 9], "texture": "#0"},
				"west": {"uv": [3.75, 2, 5.5, 4], "texture": "#0"},
				"up": {"uv": [3.625, 9.125, 3.5, 7.375], "texture": "#0"},
				"down": {"uv": [3.75, 7.375, 3.625, 9.125], "texture": "#0"}
			}
		},
		{
			"from": [15, 1, 1],
			"to": [16, 15, 2],
			"faces": {
				"north": {"uv": [1.5, 7, 1.625, 9], "texture": "#0"},
				"east": {"uv": [3.75, 0, 5.5, 2], "texture": "#0"},
				"south": {"uv": [1.625, 7, 1.75, 9], "texture": "#0"},
				"west": {"uv": [3.75, 2, 5.5, 4], "texture": "#0"},
				"up": {"uv": [3.625, 9.125, 3.5, 7.375], "texture": "#0"},
				"down": {"uv": [3.75, 7.375, 3.625, 9.125], "texture": "#0"}
			}
		},
		{
			"from": [1, 15, 1],
			"to": [15, 16, 15],
			"faces": {
				"north": {"uv": [7.25, 7, 9, 7.125], "texture": "#0"},
				"east": {"uv": [7.25, 7.125, 9, 7.25], "texture": "#0"},
				"south": {"uv": [7.375, 1.25, 9.125, 1.375], "texture": "#0"},
				"west": {"uv": [7.375, 1.375, 9.125, 1.5], "texture": "#0"},
				"up": {"uv": [1.75, 5.75, 0, 4], "texture": "#0"},
				"down": {"uv": [3.5, 4, 1.75, 5.75], "texture": "#0"}
			}
		},
		{
			"from": [14, 1, 15],
			"to": [15, 15, 16],
			"faces": {
				"north": {"uv": [2.25, 6.625, 2.5, 8.625], "texture": "#0"},
				"east": {"uv": [7.25, 0.75, 7.375, 2.75], "texture": "#0"},
				"south": {"uv": [2.5, 6.625, 2.75, 8.625], "texture": "#0"},
				"west": {"uv": [4.75, 7.25, 4.875, 9.25], "texture": "#0"},
				"up": {"uv": [8.75, 4.625, 8.5, 4.5], "texture": "#0"},
				"down": {"uv": [8.75, 4.625, 8.5, 4.75], "texture": "#0"}
			}
		},
		{
			"from": [2, 12, 15],
			"to": [14, 16, 16],
			"faces": {
				"north": {"uv": [1.75, 5.75, 3.25, 6.625], "texture": "#0"},
				"east": {"uv": [7.375, 7.875, 7.5, 8.75], "texture": "#0"},
				"south": {"uv": [3.25, 6.5, 4.75, 7.375], "texture": "#0"},
				"west": {"uv": [7.5, 7.875, 7.625, 8.75], "texture": "#0"},
				"up": {"uv": [8.875, 2.125, 7.375, 2], "texture": "#0"},
				"down": {"uv": [8.875, 2.125, 7.375, 2.25], "texture": "#0"}
			}
		},
		{
			"from": [2, 0, 15],
			"to": [14, 1, 16],
			"faces": {
				"north": {"uv": [7.375, 2.25, 8.875, 2.375], "texture": "#0"},
				"east": {"uv": [8.125, 8.75, 8.25, 8.875], "texture": "#0"},
				"south": {"uv": [7.375, 2.375, 8.875, 2.5], "texture": "#0"},
				"west": {"uv": [8.75, 8.125, 8.875, 8.25], "texture": "#0"},
				"up": {"uv": [8.875, 2.625, 7.375, 2.5], "texture": "#0"},
				"down": {"uv": [8.875, 2.625, 7.375, 2.75], "texture": "#0"}
			}
		},
		{
			"from": [-1, 13, 3],
			"to": [0, 15, 13],
			"faces": {
				"north": {"uv": [8.5, 4.75, 8.625, 5], "texture": "#0"},
				"east": {"uv": [5.5, 3.75, 6.75, 4], "texture": "#0"},
				"south": {"uv": [8.5, 5, 8.625, 5.25], "texture": "#0"},
				"west": {"uv": [6.75, 3.75, 8, 4], "texture": "#0"},
				"up": {"uv": [5.75, 9, 5.625, 7.75], "texture": "#0"},
				"down": {"uv": [5.875, 7.75, 5.75, 9], "texture": "#0"}
			}
		},
		{
			"from": [-1, 1, 3],
			"to": [0, 3, 13],
			"faces": {
				"north": {"uv": [8.5, 5.25, 8.625, 5.5], "texture": "#0"},
				"east": {"uv": [0, 7, 1.25, 7.25], "texture": "#0"},
				"south": {"uv": [8.5, 5.5, 8.625, 5.75], "texture": "#0"},
				"west": {"uv": [7, 4, 8.25, 4.25], "texture": "#0"},
				"up": {"uv": [6, 9, 5.875, 7.75], "texture": "#0"},
				"down": {"uv": [6.125, 7.75, 6, 9], "texture": "#0"}
			}
		},
		{
			"from": [-1, 3, 1],
			"to": [0, 13, 15],
			"faces": {
				"north": {"uv": [6.125, 7.75, 6.25, 9], "texture": "#0"},
				"east": {"uv": [3.5, 4, 5.25, 5.25], "texture": "#0"},
				"south": {"uv": [6.25, 7.75, 6.375, 9], "texture": "#0"},
				"west": {"uv": [3.5, 5.25, 5.25, 6.5], "texture": "#0"},
				"up": {"uv": [3.875, 9.125, 3.75, 7.375], "texture": "#0"},
				"down": {"uv": [4, 7.375, 3.875, 9.125], "texture": "#0"}
			}
		},
		{
			"from": [16, 13, 3],
			"to": [17, 15, 13],
			"faces": {
				"north": {"uv": [8.5, 6.25, 8.625, 6.5], "texture": "#0"},
				"east": {"uv": [7, 4.25, 8.25, 4.5], "texture": "#0"},
				"south": {"uv": [7.625, 8.5, 7.75, 8.75], "texture": "#0"},
				"west": {"uv": [7, 4.5, 8.25, 4.75], "texture": "#0"},
				"up": {"uv": [6.5, 9, 6.375, 7.75], "texture": "#0"},
				"down": {"uv": [6.625, 7.75, 6.5, 9], "texture": "#0"}
			}
		},
		{
			"from": [16, 1, 3],
			"to": [17, 3, 13],
			"faces": {
				"north": {"uv": [7.75, 8.5, 7.875, 8.75], "texture": "#0"},
				"east": {"uv": [4.75, 7, 6, 7.25], "texture": "#0"},
				"south": {"uv": [7.875, 8.5, 8, 8.75], "texture": "#0"},
				"west": {"uv": [7, 4.75, 8.25, 5], "texture": "#0"},
				"up": {"uv": [6.75, 9, 6.625, 7.75], "texture": "#0"},
				"down": {"uv": [6.875, 7.75, 6.75, 9], "texture": "#0"}
			}
		},
		{
			"from": [16, 3, 1],
			"to": [17, 13, 15],
			"faces": {
				"north": {"uv": [6.875, 7.75, 7, 9], "texture": "#0"},
				"east": {"uv": [5.25, 4, 7, 5.25], "texture": "#0"},
				"south": {"uv": [7, 7.75, 7.125, 9], "texture": "#0"},
				"west": {"uv": [5.25, 5.25, 7, 6.5], "texture": "#0"},
				"up": {"uv": [4.125, 9.125, 4, 7.375], "texture": "#0"},
				"down": {"uv": [4.25, 7.375, 4.125, 9.125], "texture": "#0"}
			}
		},
		{
			"from": [17, 5, 3],
			"to": [18, 11, 13],
			"faces": {
				"north": {"uv": [6.875, 7.75, 7, 9], "texture": "#0"},
				"east": {"uv": [5.25, 4, 7, 5.25], "texture": "#0"},
				"south": {"uv": [7, 7.75, 7.125, 9], "texture": "#0"},
				"west": {"uv": [5.25, 5.25, 7, 6.5], "texture": "#0"},
				"up": {"uv": [4.125, 9.125, 4, 7.375], "texture": "#0"},
				"down": {"uv": [4.25, 7.375, 4.125, 9.125], "texture": "#0"}
			}
		},
		{
			"from": [-2, 3, 5],
			"to": [-1, 5, 11],
			"faces": {
				"north": {"uv": [6.875, 7.75, 7, 9], "texture": "#0"},
				"east": {"uv": [5.25, 4, 7, 5.25], "texture": "#0"},
				"south": {"uv": [7, 7.75, 7.125, 9], "texture": "#0"},
				"west": {"uv": [5.25, 5.25, 7, 6.5], "texture": "#0"},
				"up": {"uv": [4.125, 9.125, 4, 7.375], "texture": "#0"},
				"down": {"uv": [4.25, 7.375, 4.125, 9.125], "texture": "#0"}
			}
		},
		{
			"from": [-2, 11, 5],
			"to": [-1, 13, 11],
			"faces": {
				"north": {"uv": [6.875, 7.75, 7, 9], "texture": "#0"},
				"east": {"uv": [5.25, 4, 7, 5.25], "texture": "#0"},
				"south": {"uv": [7, 7.75, 7.125, 9], "texture": "#0"},
				"west": {"uv": [5.25, 5.25, 7, 6.5], "texture": "#0"},
				"up": {"uv": [4.125, 9.125, 4, 7.375], "texture": "#0"},
				"down": {"uv": [4.25, 7.375, 4.125, 9.125], "texture": "#0"}
			}
		},
		{
			"from": [-2, 5, 3],
			"to": [-1, 11, 13],
			"faces": {
				"north": {"uv": [6.875, 7.75, 7, 9], "texture": "#0"},
				"east": {"uv": [5.25, 4, 7, 5.25], "texture": "#0"},
				"south": {"uv": [7, 7.75, 7.125, 9], "texture": "#0"},
				"west": {"uv": [5.25, 5.25, 7, 6.5], "texture": "#0"},
				"up": {"uv": [4.125, 9.125, 4, 7.375], "texture": "#0"},
				"down": {"uv": [4.25, 7.375, 4.125, 9.125], "texture": "#0"}
			}
		},
		{
			"from": [5, 3, -2],
			"to": [11, 5, -1],
			"rotation": {"angle": 0, "axis": "y", "origin": [-1.5, 8, 8]},
			"faces": {
				"north": {"uv": [5.25, 5.25, 7, 6.5], "texture": "#0"},
				"east": {"uv": [6.875, 7.75, 7, 9], "texture": "#0"},
				"south": {"uv": [5.25, 4, 7, 5.25], "texture": "#0"},
				"west": {"uv": [7, 7.75, 7.125, 9], "texture": "#0"},
				"up": {"uv": [4.125, 9.125, 4, 7.375], "rotation": 90, "texture": "#0"},
				"down": {"uv": [4.25, 7.375, 4.125, 9.125], "rotation": 270, "texture": "#0"}
			}
		},
		{
			"from": [5, 11, -2],
			"to": [11, 13, -1],
			"rotation": {"angle": 0, "axis": "y", "origin": [-1.5, 8, 8]},
			"faces": {
				"north": {"uv": [5.25, 5.25, 7, 6.5], "texture": "#0"},
				"east": {"uv": [6.875, 7.75, 7, 9], "texture": "#0"},
				"south": {"uv": [5.25, 4, 7, 5.25], "texture": "#0"},
				"west": {"uv": [7, 7.75, 7.125, 9], "texture": "#0"},
				"up": {"uv": [4.125, 9.125, 4, 7.375], "rotation": 90, "texture": "#0"},
				"down": {"uv": [4.25, 7.375, 4.125, 9.125], "rotation": 270, "texture": "#0"}
			}
		},
		{
			"from": [3, 5, -2],
			"to": [13, 11, -1],
			"rotation": {"angle": 0, "axis": "y", "origin": [-1.5, 8, 8]},
			"faces": {
				"north": {"uv": [5.25, 5.25, 7, 6.5], "texture": "#0"},
				"east": {"uv": [6.875, 7.75, 7, 9], "texture": "#0"},
				"south": {"uv": [5.25, 4, 7, 5.25], "texture": "#0"},
				"west": {"uv": [7, 7.75, 7.125, 9], "texture": "#0"},
				"up": {"uv": [4.125, 9.125, 4, 7.375], "rotation": 90, "texture": "#0"},
				"down": {"uv": [4.25, 7.375, 4.125, 9.125], "rotation": 270, "texture": "#0"}
			}
		},
		{
			"from": [5, 11, 17],
			"to": [11, 13, 18],
			"rotation": {"angle": 0, "axis": "y", "origin": [-1.5, 8, 8]},
			"faces": {
				"north": {"uv": [5.25, 5.25, 7, 6.5], "texture": "#0"},
				"east": {"uv": [6.875, 7.75, 7, 9], "texture": "#0"},
				"south": {"uv": [5.25, 4, 7, 5.25], "texture": "#0"},
				"west": {"uv": [7, 7.75, 7.125, 9], "texture": "#0"},
				"up": {"uv": [4.125, 9.125, 4, 7.375], "rotation": 90, "texture": "#0"},
				"down": {"uv": [4.25, 7.375, 4.125, 9.125], "rotation": 270, "texture": "#0"}
			}
		},
		{
			"from": [3, 10, 17],
			"to": [13, 11, 18],
			"rotation": {"angle": 0, "axis": "y", "origin": [-1.5, 8, 8]},
			"faces": {
				"north": {"uv": [5.25, 5.25, 7, 6.5], "texture": "#0"},
				"east": {"uv": [6.875, 7.75, 7, 9], "texture": "#0"},
				"south": {"uv": [5.25, 4, 7, 5.25], "texture": "#0"},
				"west": {"uv": [7, 7.75, 7.125, 9], "texture": "#0"},
				"up": {"uv": [4.125, 9.125, 4, 7.375], "rotation": 90, "texture": "#0"},
				"down": {"uv": [4.25, 7.375, 4.125, 9.125], "rotation": 270, "texture": "#0"}
			}
		},
		{
			"from": [17, 3, 5],
			"to": [18, 5, 11],
			"faces": {
				"north": {"uv": [6.875, 7.75, 7, 9], "texture": "#0"},
				"east": {"uv": [5.25, 4, 7, 5.25], "texture": "#0"},
				"south": {"uv": [7, 7.75, 7.125, 9], "texture": "#0"},
				"west": {"uv": [5.25, 5.25, 7, 6.5], "texture": "#0"},
				"up": {"uv": [4.125, 9.125, 4, 7.375], "texture": "#0"},
				"down": {"uv": [4.25, 7.375, 4.125, 9.125], "texture": "#0"}
			}
		},
		{
			"from": [17, 11, 5],
			"to": [18, 13, 11],
			"faces": {
				"north": {"uv": [6.875, 7.75, 7, 9], "texture": "#0"},
				"east": {"uv": [5.25, 4, 7, 5.25], "texture": "#0"},
				"south": {"uv": [7, 7.75, 7.125, 9], "texture": "#0"},
				"west": {"uv": [5.25, 5.25, 7, 6.5], "texture": "#0"},
				"up": {"uv": [4.125, 9.125, 4, 7.375], "texture": "#0"},
				"down": {"uv": [4.25, 7.375, 4.125, 9.125], "texture": "#0"}
			}
		},
		{
			"from": [1, 0, 1],
			"to": [2, 1, 2],
			"faces": {
				"north": {"uv": [0, 0, 0.5, 0.5], "texture": "#0"},
				"east": {"uv": [0, 0, 0.5, 0.5], "texture": "#0"},
				"south": {"uv": [0, 0, 0.5, 0.5], "texture": "#0"},
				"west": {"uv": [0, 0, 0.5, 0.5], "texture": "#0"},
				"up": {"uv": [0, 0, 0.5, 0.5], "texture": "#0"},
				"down": {"uv": [0, 0, 0.5, 0.5], "texture": "#0"}
			}
		},
		{
			"from": [1, 0, 14],
			"to": [2, 1, 15],
			"faces": {
				"north": {"uv": [0, 0, 0.5, 0.5], "texture": "#0"},
				"east": {"uv": [0, 0, 0.5, 0.5], "texture": "#0"},
				"south": {"uv": [0, 0, 0.5, 0.5], "texture": "#0"},
				"west": {"uv": [0, 0, 0.5, 0.5], "texture": "#0"},
				"up": {"uv": [0, 0, 0.5, 0.5], "texture": "#0"},
				"down": {"uv": [0, 0, 0.5, 0.5], "texture": "#0"}
			}
		},
		{
			"from": [14, 0, 14],
			"to": [15, 1, 15],
			"faces": {
				"north": {"uv": [0, 0, 0.5, 0.5], "texture": "#0"},
				"east": {"uv": [0, 0, 0.5, 0.5], "texture": "#0"},
				"south": {"uv": [0, 0, 0.5, 0.5], "texture": "#0"},
				"west": {"uv": [0, 0, 0.5, 0.5], "texture": "#0"},
				"up": {"uv": [0, 0, 0.5, 0.5], "texture": "#0"},
				"down": {"uv": [0, 0, 0.5, 0.5], "texture": "#0"}
			}
		},
		{
			"from": [14, 0, 1],
			"to": [15, 1, 2],
			"faces": {
				"north": {"uv": [0, 0, 0.5, 0.5], "texture": "#0"},
				"east": {"uv": [0, 0, 0.5, 0.5], "texture": "#0"},
				"south": {"uv": [0, 0, 0.5, 0.5], "texture": "#0"},
				"west": {"uv": [0, 0, 0.5, 0.5], "texture": "#0"},
				"up": {"uv": [0, 0, 0.5, 0.5], "texture": "#0"},
				"down": {"uv": [0, 0, 0.5, 0.5], "texture": "#0"}
			}
		},
		{
			"from": [3, 13, -1],
			"to": [13, 15, 0],
			"faces": {
				"north": {"uv": [7, 5, 8.25, 5.25], "texture": "#0"},
				"east": {"uv": [8, 8.5, 8.125, 8.75], "texture": "#0"},
				"south": {"uv": [7, 5.25, 8.25, 5.5], "texture": "#0"},
				"west": {"uv": [8.125, 8.5, 8.25, 8.75], "texture": "#0"},
				"up": {"uv": [9, 3.125, 7.75, 3], "texture": "#0"},
				"down": {"uv": [9, 3.125, 7.75, 3.25], "texture": "#0"}
			}
		},
		{
			"from": [3, 1, -1],
			"to": [13, 3, 0],
			"faces": {
				"north": {"uv": [7, 5.5, 8.25, 5.75], "texture": "#0"},
				"east": {"uv": [8.25, 8.5, 8.375, 8.75], "texture": "#0"},
				"south": {"uv": [7, 5.75, 8.25, 6], "texture": "#0"},
				"west": {"uv": [8.375, 8.5, 8.5, 8.75], "texture": "#0"},
				"up": {"uv": [9, 3.375, 7.75, 3.25], "texture": "#0"},
				"down": {"uv": [9, 3.375, 7.75, 3.5], "texture": "#0"}
			}
		},
		{
			"from": [1, 3, -1],
			"to": [15, 13, 0],
			"faces": {
				"north": {"uv": [5.5, 0, 7.25, 1.25], "texture": "#0"},
				"east": {"uv": [7.125, 7.75, 7.25, 9], "texture": "#0"},
				"south": {"uv": [5.5, 1.25, 7.25, 2.5], "texture": "#0"},
				"west": {"uv": [7.25, 7.75, 7.375, 9], "texture": "#0"},
				"up": {"uv": [9.125, 1.625, 7.375, 1.5], "texture": "#0"},
				"down": {"uv": [9.125, 1.625, 7.375, 1.75], "texture": "#0"}
			}
		},
		{
			"from": [3, 16, 13],
			"to": [13, 17, 15],
			"faces": {
				"north": {"uv": [7.75, 3.5, 9, 3.625], "texture": "#0"},
				"east": {"uv": [8.5, 8.5, 8.75, 8.625], "texture": "#0"},
				"south": {"uv": [7.75, 3.625, 9, 3.75], "texture": "#0"},
				"west": {"uv": [0.25, 8.625, 0.5, 8.75], "texture": "#0"},
				"up": {"uv": [7.25, 7.25, 6, 7], "texture": "#0"},
				"down": {"uv": [8.25, 6, 7, 6.25], "texture": "#0"}
			}
		},
		{
			"from": [3, 16, 1],
			"to": [13, 17, 3],
			"faces": {
				"north": {"uv": [7.75, 6.5, 9, 6.625], "texture": "#0"},
				"east": {"uv": [0.5, 8.625, 0.75, 8.75], "texture": "#0"},
				"south": {"uv": [7.75, 6.625, 9, 6.75], "texture": "#0"},
				"west": {"uv": [8.625, 0.875, 8.875, 1], "texture": "#0"},
				"up": {"uv": [8.25, 6.5, 7, 6.25], "texture": "#0"},
				"down": {"uv": [1.25, 7.25, 0, 7.5], "texture": "#0"}
			}
		},
		{
			"from": [1, 16, 3],
			"to": [15, 17, 13],
			"faces": {
				"north": {"uv": [7.375, 1.75, 9.125, 1.875], "texture": "#0"},
				"east": {"uv": [7.75, 6.75, 9, 6.875], "texture": "#0"},
				"south": {"uv": [7.375, 1.875, 9.125, 2], "texture": "#0"},
				"west": {"uv": [7.75, 6.875, 9, 7], "texture": "#0"},
				"up": {"uv": [7.25, 3.75, 5.5, 2.5], "texture": "#0"},
				"down": {"uv": [1.75, 5.75, 0, 7], "texture": "#0"}
			}
		},
		{
			"from": [1, 3, 16],
			"to": [2, 13, 17],
			"faces": {
				"north": {"uv": [1, 7.5, 1.125, 8.875], "texture": "#0"},
				"east": {"uv": [1.125, 7.5, 1.25, 8.875], "texture": "#0"},
				"south": {"uv": [4.875, 7.75, 5, 9.125], "texture": "#0"},
				"west": {"uv": [5, 7.75, 5.125, 9.125], "texture": "#0"},
				"up": {"uv": [8.375, 8.875, 8.25, 8.75], "texture": "#0"},
				"down": {"uv": [8.875, 8.25, 8.75, 8.375], "texture": "#0"}
			}
		},
		{
			"from": [14, 3, 16],
			"to": [15, 13, 17],
			"faces": {
				"north": {"uv": [5.125, 7.75, 5.25, 9.125], "texture": "#0"},
				"east": {"uv": [5.25, 7.75, 5.375, 9.125], "texture": "#0"},
				"south": {"uv": [5.375, 7.75, 5.5, 9.125], "texture": "#0"},
				"west": {"uv": [5.5, 7.75, 5.625, 9.125], "texture": "#0"},
				"up": {"uv": [8.5, 8.875, 8.375, 8.75], "texture": "#0"},
				"down": {"uv": [8.875, 8.5, 8.75, 8.625], "texture": "#0"}
			}
		},
		{
			"from": [3, 13, 16],
			"to": [13, 15, 17],
			"faces": {
				"north": {"uv": [7.25, 0, 8.5, 0.25], "texture": "#0"},
				"east": {"uv": [8.625, 1, 8.75, 1.25], "texture": "#0"},
				"south": {"uv": [7.25, 0.25, 8.5, 0.5], "texture": "#0"},
				"west": {"uv": [1.75, 8.625, 1.875, 8.875], "texture": "#0"},
				"up": {"uv": [8.625, 7.875, 7.375, 7.75], "texture": "#0"},
				"down": {"uv": [9.125, 0.75, 7.875, 0.875], "texture": "#0"}
			}
		},
		{
			"from": [2, 11, 16],
			"to": [14, 13, 17],
			"faces": {
				"north": {"uv": [4.75, 6.5, 6.25, 7], "texture": "#0"},
				"east": {"uv": [4.5, 8.125, 4.625, 8.625], "texture": "#0"},
				"south": {"uv": [6.25, 6.5, 7.75, 7], "texture": "#0"},
				"west": {"uv": [4.625, 8.125, 4.75, 8.625], "texture": "#0"},
				"up": {"uv": [8.875, 7.375, 7.375, 7.25], "texture": "#0"},
				"down": {"uv": [8.875, 7.375, 7.375, 7.5], "texture": "#0"}
			}
		},
		{
			"from": [3, 17, 5],
			"to": [5, 18, 11],
			"faces": {
				"north": {"uv": [1.875, 8.625, 2.125, 8.75], "texture": "#0"},
				"east": {"uv": [7.875, 0.875, 8.625, 1], "texture": "#0"},
				"south": {"uv": [2.125, 8.625, 2.375, 8.75], "texture": "#0"},
				"west": {"uv": [7.875, 1, 8.625, 1.125], "texture": "#0"},
				"up": {"uv": [3.5, 6.5, 3.25, 5.75], "texture": "#0"},
				"down": {"uv": [4.5, 7.375, 4.25, 8.125], "texture": "#0"}
			}
		},
		{
			"from": [11, 17, 5],
			"to": [13, 18, 11],
			"faces": {
				"north": {"uv": [2.375, 8.625, 2.625, 8.75], "texture": "#0"},
				"east": {"uv": [7.875, 1.125, 8.625, 1.25], "texture": "#0"},
				"south": {"uv": [2.625, 8.625, 2.875, 8.75], "texture": "#0"},
				"west": {"uv": [7.625, 7.875, 8.375, 8], "texture": "#0"},
				"up": {"uv": [4.75, 8.125, 4.5, 7.375], "texture": "#0"},
				"down": {"uv": [0.25, 7.5, 0, 8.25], "texture": "#0"}
			}
		},
		{
			"from": [5, 17, 11],
			"to": [11, 18, 13],
			"faces": {
				"north": {"uv": [0.25, 8, 1, 8.125], "texture": "#0"},
				"east": {"uv": [2.875, 8.625, 3.125, 8.75], "texture": "#0"},
				"south": {"uv": [8, 3.75, 8.75, 3.875], "texture": "#0"},
				"west": {"uv": [4.25, 8.625, 4.5, 8.75], "texture": "#0"},
				"up": {"uv": [1, 7.75, 0.25, 7.5], "texture": "#0"},
				"down": {"uv": [8.125, 7.5, 7.375, 7.75], "texture": "#0"}
			}
		},
		{
			"from": [5, 17, 3],
			"to": [11, 18, 5],
			"faces": {
				"north": {"uv": [8, 3.875, 8.75, 4], "texture": "#0"},
				"east": {"uv": [4.5, 8.625, 4.75, 8.75], "texture": "#0"},
				"south": {"uv": [7.625, 8, 8.375, 8.125], "texture": "#0"},
				"west": {"uv": [8.625, 4.75, 8.875, 4.875], "texture": "#0"},
				"up": {"uv": [1, 8, 0.25, 7.75], "texture": "#0"},
				"down": {"uv": [8.5, 2.75, 7.75, 3], "texture": "#0"}
			}
		},
		{
			"from": [5, 17, 9],
			"to": [6, 18, 11],
			"faces": {
				"north": {"uv": [8.625, 8.75, 8.75, 8.875], "texture": "#0"},
				"east": {"uv": [8.625, 4.875, 8.875, 5], "texture": "#0"},
				"south": {"uv": [8.75, 8.75, 8.875, 8.875], "texture": "#0"},
				"west": {"uv": [8.625, 5, 8.875, 5.125], "texture": "#0"},
				"up": {"uv": [3.25, 8.875, 3.125, 8.625], "texture": "#0"},
				"down": {"uv": [8.75, 5.125, 8.625, 5.375], "texture": "#0"}
			}
		},
		{
			"from": [5, 17, 5],
			"to": [6, 18, 7],
			"faces": {
				"north": {"uv": [0.25, 8.875, 0.375, 9], "texture": "#0"},
				"east": {"uv": [8.625, 5.375, 8.875, 5.5], "texture": "#0"},
				"south": {"uv": [0.375, 8.875, 0.5, 9], "texture": "#0"},
				"west": {"uv": [8.625, 5.5, 8.875, 5.625], "texture": "#0"},
				"up": {"uv": [8.75, 6.5, 8.625, 6.25], "texture": "#0"},
				"down": {"uv": [8.75, 7.5, 8.625, 7.75], "texture": "#0"}
			}
		},
		{
			"from": [10, 17, 5],
			"to": [11, 18, 7],
			"faces": {
				"north": {"uv": [0.5, 8.875, 0.625, 9], "texture": "#0"},
				"east": {"uv": [8.625, 5.625, 8.875, 5.75], "texture": "#0"},
				"south": {"uv": [0.625, 8.875, 0.75, 9], "texture": "#0"},
				"west": {"uv": [8.625, 7.75, 8.875, 7.875], "texture": "#0"},
				"up": {"uv": [8.75, 8.375, 8.625, 8.125], "texture": "#0"},
				"down": {"uv": [8.625, 8.625, 8.5, 8.875], "texture": "#0"}
			}
		},
		{
			"from": [10, 17, 9],
			"to": [11, 18, 11],
			"faces": {
				"north": {"uv": [0.75, 8.875, 0.875, 9], "texture": "#0"},
				"east": {"uv": [8.625, 8.375, 8.875, 8.5], "texture": "#0"},
				"south": {"uv": [0.875, 8.875, 1, 9], "texture": "#0"},
				"west": {"uv": [8.625, 8.625, 8.875, 8.75], "texture": "#0"},
				"up": {"uv": [0.125, 9, 0, 8.75], "texture": "#0"},
				"down": {"uv": [0.25, 8.75, 0.125, 9], "texture": "#0"}
			}
		},
		{
			"from": [6, 17, 10],
			"to": [7, 18, 11],
			"faces": {
				"north": {"uv": [8.875, 0.875, 9, 1], "texture": "#0"},
				"east": {"uv": [1, 8.875, 1.125, 9], "texture": "#0"},
				"south": {"uv": [1.125, 8.875, 1.25, 9], "texture": "#0"},
				"west": {"uv": [1.75, 8.875, 1.875, 9], "texture": "#0"},
				"up": {"uv": [2, 9, 1.875, 8.875], "texture": "#0"},
				"down": {"uv": [2.125, 8.875, 2, 9], "texture": "#0"}
			}
		},
		{
			"from": [6, 17, 5],
			"to": [7, 18, 6],
			"faces": {
				"north": {"uv": [8.875, 2, 9, 2.125], "texture": "#0"},
				"east": {"uv": [2.125, 8.875, 2.25, 9], "texture": "#0"},
				"south": {"uv": [8.875, 2.125, 9, 2.25], "texture": "#0"},
				"west": {"uv": [2.25, 8.875, 2.375, 9], "texture": "#0"},
				"up": {"uv": [9, 2.375, 8.875, 2.25], "texture": "#0"},
				"down": {"uv": [2.5, 8.875, 2.375, 9], "texture": "#0"}
			}
		},
		{
			"from": [9, 17, 10],
			"to": [10, 18, 11],
			"faces": {
				"north": {"uv": [8.875, 2.375, 9, 2.5], "texture": "#0"},
				"east": {"uv": [2.5, 8.875, 2.625, 9], "texture": "#0"},
				"south": {"uv": [8.875, 2.5, 9, 2.625], "texture": "#0"},
				"west": {"uv": [2.625, 8.875, 2.75, 9], "texture": "#0"},
				"up": {"uv": [9, 2.75, 8.875, 2.625], "texture": "#0"},
				"down": {"uv": [2.875, 8.875, 2.75, 9], "texture": "#0"}
			}
		},
		{
			"from": [9, 17, 5],
			"to": [10, 18, 6],
			"faces": {
				"north": {"uv": [2.875, 8.875, 3, 9], "texture": "#0"},
				"east": {"uv": [3, 8.875, 3.125, 9], "texture": "#0"},
				"south": {"uv": [3.125, 8.875, 3.25, 9], "texture": "#0"},
				"west": {"uv": [4.25, 8.875, 4.375, 9], "texture": "#0"},
				"up": {"uv": [4.5, 9, 4.375, 8.875], "texture": "#0"},
				"down": {"uv": [4.625, 8.875, 4.5, 9], "texture": "#0"}
			}
		},
		{
			"from": [7, 17, 7],
			"to": [9, 20, 9],
			"faces": {
				"north": {"uv": [4, 4, 5, 5.5], "texture": "#1"},
				"east": {"uv": [5, 4, 6, 5.5], "texture": "#1"},
				"south": {"uv": [4, 5.5, 5, 7], "texture": "#1"},
				"west": {"uv": [5, 5.5, 6, 7], "texture": "#1"},
				"up": {"uv": [9, 2, 8, 1], "texture": "#1"},
				"down": {"uv": [9, 2, 8, 3], "texture": "#1"}
			}
		},
		{
			"from": [5, 18, 7],
			"to": [7, 19, 9],
			"rotation": {"angle": -22.5, "axis": "z", "origin": [6, 18.5, 8]},
			"faces": {
				"north": {"uv": [9, 3, 10, 3.5], "texture": "#1"},
				"east": {"uv": [9, 3.5, 10, 4], "texture": "#1"},
				"south": {"uv": [4, 9, 5, 9.5], "texture": "#1"},
				"west": {"uv": [9, 4, 10, 4.5], "texture": "#1"},
				"up": {"uv": [8, 8.5, 7, 7.5], "texture": "#1"},
				"down": {"uv": [1, 8, 0, 9], "texture": "#1"}
			}
		},
		{
			"from": [9, 18, 7],
			"to": [11, 19, 9],
			"rotation": {"angle": 22.5, "axis": "z", "origin": [10, 18.5, 8]},
			"faces": {
				"north": {"uv": [2, 9, 3, 9.5], "texture": "#1"},
				"east": {"uv": [9, 2, 10, 2.5], "texture": "#1"},
				"south": {"uv": [9, 2.5, 10, 3], "texture": "#1"},
				"west": {"uv": [3, 9, 4, 9.5], "texture": "#1"},
				"up": {"uv": [6, 8.5, 5, 7.5], "texture": "#1"},
				"down": {"uv": [7, 7.5, 6, 8.5], "texture": "#1"}
			}
		},
		{
			"from": [7, 17.96595, 8.92177],
			"to": [9, 18.96595, 10.92177],
			"rotation": {"angle": -22.5, "axis": "x", "origin": [8, 18.86595, 9.92177]},
			"faces": {
				"north": {"uv": [9, 0.5, 10, 1], "texture": "#1"},
				"east": {"uv": [1, 9, 2, 9.5], "texture": "#1"},
				"south": {"uv": [9, 1, 10, 1.5], "texture": "#1"},
				"west": {"uv": [9, 1.5, 10, 2], "texture": "#1"},
				"up": {"uv": [4, 8.5, 3, 7.5], "texture": "#1"},
				"down": {"uv": [5, 7.5, 4, 8.5], "texture": "#1"}
			}
		},
		{
			"from": [7, 17.96595, 5.07823],
			"to": [9, 18.96595, 7.07823],
			"rotation": {"angle": 22.5, "axis": "x", "origin": [8, 18.86595, 6.07823]},
			"faces": {
				"north": {"uv": [7, 8.5, 8, 9], "texture": "#1"},
				"east": {"uv": [8, 8.5, 9, 9], "texture": "#1"},
				"south": {"uv": [0, 9, 1, 9.5], "texture": "#1"},
				"west": {"uv": [9, 0, 10, 0.5], "texture": "#1"},
				"up": {"uv": [2, 8.5, 1, 7.5], "texture": "#1"},
				"down": {"uv": [3, 7.5, 2, 8.5], "texture": "#1"}
			}
		},
		{
			"from": [-1, 18.2, 7],
			"to": [1, 19.2, 9],
			"rotation": {"angle": 22.5, "axis": "z", "origin": [0, 18.7, 8]},
			"faces": {
				"north": {"uv": [3, 8.5, 4, 9], "texture": "#1"},
				"east": {"uv": [4, 8.5, 5, 9], "texture": "#1"},
				"south": {"uv": [5, 8.5, 6, 9], "texture": "#1"},
				"west": {"uv": [6, 8.5, 7, 9], "texture": "#1"},
				"up": {"uv": [1, 8, 0, 7], "texture": "#1"},
				"down": {"uv": [8, 2.5, 7, 3.5], "texture": "#1"}
			}
		},
		{
			"from": [1, 18.5, 6],
			"to": [5, 19.5, 10],
			"faces": {
				"north": {"uv": [4, 7, 6, 7.5], "texture": "#1"},
				"east": {"uv": [7, 5.5, 9, 6], "texture": "#1"},
				"south": {"uv": [6, 7, 8, 7.5], "texture": "#1"},
				"west": {"uv": [7, 6, 9, 6.5], "texture": "#1"},
				"up": {"uv": [4, 6, 2, 4], "texture": "#1"},
				"down": {"uv": [6, 2, 4, 4], "texture": "#1"}
			}
		},
		{
			"from": [15, 18.2, 7],
			"to": [17, 19.2, 9],
			"rotation": {"angle": -22.5, "axis": "z", "origin": [16, 18.7, 8]},
			"faces": {
				"north": {"uv": [8, 7.5, 9, 8], "texture": "#1"},
				"east": {"uv": [8, 8, 9, 8.5], "texture": "#1"},
				"south": {"uv": [1, 8.5, 2, 9], "texture": "#1"},
				"west": {"uv": [2, 8.5, 3, 9], "texture": "#1"},
				"up": {"uv": [7, 6.5, 6, 5.5], "texture": "#1"},
				"down": {"uv": [2, 6.5, 1, 7.5], "texture": "#1"}
			}
		},
		{
			"from": [11, 18.5, 6],
			"to": [15, 19.5, 10],
			"rotation": {"angle": 0, "axis": "y", "origin": [1.5, 19, 8]},
			"faces": {
				"north": {"uv": [6, 6.5, 8, 7], "texture": "#1"},
				"east": {"uv": [7, 0, 9, 0.5], "texture": "#1"},
				"south": {"uv": [7, 0.5, 9, 1], "texture": "#1"},
				"west": {"uv": [2, 7, 4, 7.5], "texture": "#1"},
				"up": {"uv": [2, 6, 0, 4], "texture": "#1"},
				"down": {"uv": [6, 0, 4, 2], "texture": "#1"}
			}
		},
		{
			"from": [6.9, 18.2, 14.5],
			"to": [8.9, 19.2, 16.5],
			"rotation": {"angle": 22.5, "axis": "x", "origin": [7.9, 18.7, 15.5]},
			"faces": {
				"north": {"uv": [8, 4.5, 9, 5], "texture": "#1"},
				"east": {"uv": [8, 5, 9, 5.5], "texture": "#1"},
				"south": {"uv": [8, 6.5, 9, 7], "texture": "#1"},
				"west": {"uv": [8, 7, 9, 7.5], "texture": "#1"},
				"up": {"uv": [7, 3.5, 6, 2.5], "texture": "#1"},
				"down": {"uv": [4, 6, 3, 7], "texture": "#1"}
			}
		},
		{
			"from": [5.9, 18.5, 10.5],
			"to": [9.9, 19.5, 14.5],
			"rotation": {"angle": 0, "axis": "y", "origin": [14.5, 19, 8]},
			"faces": {
				"north": {"uv": [6, 3.5, 8, 4], "texture": "#1"},
				"east": {"uv": [6, 4, 8, 4.5], "texture": "#1"},
				"south": {"uv": [6, 4.5, 8, 5], "texture": "#1"},
				"west": {"uv": [6, 5, 8, 5.5], "texture": "#1"},
				"up": {"uv": [4, 2, 2, 0], "texture": "#1"},
				"down": {"uv": [4, 2, 2, 4], "texture": "#1"}
			}
		},
		{
			"from": [6.9, 18.2, -0.5],
			"to": [8.9, 19.2, 1.5],
			"rotation": {"angle": -22.5, "axis": "x", "origin": [7.9, 18.7, 0.5]},
			"faces": {
				"north": {"uv": [2, 6.5, 3, 7], "texture": "#1"},
				"east": {"uv": [8, 3, 9, 3.5], "texture": "#1"},
				"south": {"uv": [8, 3.5, 9, 4], "texture": "#1"},
				"west": {"uv": [8, 4, 9, 4.5], "texture": "#1"},
				"up": {"uv": [1, 7, 0, 6], "texture": "#1"},
				"down": {"uv": [7, 0, 6, 1], "texture": "#1"}
			}
		},
		{
			"from": [5.9, 18.5, 1.5],
			"to": [9.9, 19.5, 5.5],
			"rotation": {"angle": 0, "axis": "y", "origin": [14.5, 19, 8]},
			"faces": {
				"north": {"uv": [1, 6, 3, 6.5], "texture": "#1"},
				"east": {"uv": [6, 1, 8, 1.5], "texture": "#1"},
				"south": {"uv": [6, 1.5, 8, 2], "texture": "#1"},
				"west": {"uv": [6, 2, 8, 2.5], "texture": "#1"},
				"up": {"uv": [2, 2, 0, 0], "texture": "#1"},
				"down": {"uv": [2, 2, 0, 4], "texture": "#1"}
			}
		},
		{
			"from": [2, 10, 16],
			"to": [3, 11, 17],
			"faces": {
				"north": {"uv": [0, 0, 0.5, 0.5], "texture": "#0"},
				"east": {"uv": [0, 0, 0.5, 0.5], "texture": "#0"},
				"south": {"uv": [0, 0, 0.5, 0.5], "texture": "#0"},
				"west": {"uv": [0, 0, 0.5, 0.5], "texture": "#0"},
				"up": {"uv": [0, 0, 0.5, 0.5], "texture": "#0"},
				"down": {"uv": [0, 0, 0.5, 0.5], "texture": "#0"}
			}
		},
		{
			"from": [13, 10, 16],
			"to": [14, 11, 17],
			"faces": {
				"north": {"uv": [0, 0, 0.5, 0.5], "texture": "#0"},
				"east": {"uv": [0, 0, 0.5, 0.5], "texture": "#0"},
				"south": {"uv": [0, 0, 0.5, 0.5], "texture": "#0"},
				"west": {"uv": [0, 0, 0.5, 0.5], "texture": "#0"},
				"up": {"uv": [0, 0, 0.5, 0.5], "texture": "#0"},
				"down": {"uv": [0, 0, 0.5, 0.5], "texture": "#0"}
			}
		},
		{
			"from": [2, 1, 15],
			"to": [3, 2, 16],
			"faces": {
				"north": {"uv": [0, 0, 0.5, 0.5], "texture": "#0"},
				"east": {"uv": [0, 0, 0.5, 0.5], "texture": "#0"},
				"south": {"uv": [0, 0, 0.5, 0.5], "texture": "#0"},
				"west": {"uv": [0, 0, 0.5, 0.5], "texture": "#0"},
				"up": {"uv": [0, 0, 0.5, 0.5], "texture": "#0"},
				"down": {"uv": [0, 0, 0.5, 0.5], "texture": "#0"}
			}
		},
		{
			"from": [13, 1, 15],
			"to": [14, 2, 16],
			"faces": {
				"north": {"uv": [0, 0, 0.5, 0.5], "texture": "#0"},
				"east": {"uv": [0, 0, 0.5, 0.5], "texture": "#0"},
				"south": {"uv": [0, 0, 0.5, 0.5], "texture": "#0"},
				"west": {"uv": [0, 0, 0.5, 0.5], "texture": "#0"},
				"up": {"uv": [0, 0, 0.5, 0.5], "texture": "#0"},
				"down": {"uv": [0, 0, 0.5, 0.5], "texture": "#0"}
			}
		}
	],
	"display": {
		"thirdperson_righthand": {
			"rotation": [0, 180, 0],
			"translation": [-0.5, -0.5, -0.5],
			"scale": [0.3, 0.29, 0.29]
		},
		"thirdperson_lefthand": {
			"rotation": [0, 180, 0],
			"translation": [-0.5, -0.5, -0.5],
			"scale": [0.3, 0.29, 0.29]
		},
		"firstperson_righthand": {
			"rotation": [0, 180, 0],
			"translation": [0, 4.25, 0],
			"scale": [0.52, 0.52, 0.54]
		},
		"firstperson_lefthand": {
			"rotation": [0, 180, 0],
			"translation": [0, 4.25, 0],
			"scale": [0.52, 0.52, 0.54]
		},
		"ground": {
			"scale": [0.37, 0.37, 0.37]
		},
		"gui": {
			"rotation": [22, -22, 0],
			"translation": [0, -0.75, 0],
			"scale": [0.58, 0.57, 0.57]
		},
		"head": {
			"rotation": [0, 180, 0],
			"translation": [0, 0.75, -0.25]
		},
		"fixed": {
			"rotation": [2, 180, 0],
			"translation": [0, -0.5, -2.5],
			"scale": [0.86, 0.84, 0.84]
		}
	},
	"groups": [
		0,
		1,
		2,
		3,
		4,
		5,
		6,
		7,
		8,
		9,
		10,
		11,
		12,
		13,
		{
			"name": "group",
			"origin": [0, 0, 0],
			"color": 0,
			"children": [14, 15, 16]
		},
		{
			"name": "group",
			"origin": [0, 0, 0],
			"color": 0,
			"children": [17, 18, 19, 20, 21, 22, 23, 24, 25, 26, 27, 28, 29, 30, 31, 32, 33, 34]
		},
		{
			"name": "group",
			"origin": [0, 0, 0],
			"color": 0,
			"children": [35, 36, 37]
		},
		{
			"name": "group",
			"origin": [0, 0, 0],
			"color": 0,
			"children": [38, 39, 40]
		},
		41,
		42,
		43,
		44,
		45,
		46,
		47,
		48,
		49,
		50,
		51,
		52,
		53,
		54,
		55,
		56,
		57,
		58,
		59,
		60,
		61,
		{
			"name": "group",
			"origin": [0, 0, 0],
			"color": 0,
			"children": [62, 63]
		},
		{
			"name": "group",
			"origin": [0, 0, 0],
			"color": 0,
			"children": [64, 65]
		},
		{
			"name": "group",
			"origin": [0, 0, 0],
			"color": 0,
			"children": [66, 67]
		},
		{
			"name": "group",
			"origin": [0, 0, 0],
			"color": 0,
			"children": [68, 69]
		},
		70,
		71,
		72,
		73
	]
}