{
	"credit": "Made with Blockbench",
	"texture_size": [32, 32],
	"textures": {
		"0": "./armatura",
		"particle": "./armatura"
	},
	"elements": [
		{
			"from": [7, 0, 7],
			"to": [9, 27, 9],
			"faces": {
				"north": {"uv": [0, 0, 1, 13.5], "texture": "#0"},
				"east": {"uv": [1, 0, 2, 13.5], "texture": "#0"},
				"south": {"uv": [2, 0, 3, 13.5], "texture": "#0"},
				"west": {"uv": [3, 0, 4, 13.5], "texture": "#0"},
				"up": {"uv": [9, 1, 8, 0], "texture": "#0"},
				"down": {"uv": [9, 1, 8, 2], "texture": "#0"}
			}
		},
		{
			"from": [6.8, -0.2, 6.8],
			"to": [9.2, 27.2, 9.2],
			"faces": {
				"north": {"uv": [4, 0, 5, 13.5], "texture": "#0"},
				"east": {"uv": [5, 0, 6, 13.5], "texture": "#0"},
				"south": {"uv": [6, 0, 7, 13.5], "texture": "#0"},
				"west": {"uv": [7, 0, 8, 13.5], "texture": "#0"},
				"up": {"uv": [9, 3, 8, 2], "texture": "#0"},
				"down": {"uv": [9, 3, 8, 4], "texture": "#0"}
			}
		}
	],
	"display": {
		"thirdperson_righthand": {
			"rotation": [2, 0, 0],
			"translation": [0, -0.75, 1.25],
			"scale": [0.8, 0.8, 0.8]
		},
		"thirdperson_lefthand": {
			"rotation": [2, 0, 0],
			"translation": [0, -0.75, 1.25],
			"scale": [0.8, 0.8, 0.8]
		},
		"firstperson_righthand": {
			"translation": [2.5, 1.25, 0],
			"scale": [0.8, 0.8, 0.8]
		},
		"firstperson_lefthand": {
			"translation": [2.5, 1.25, 0],
			"scale": [0.8, 0.8, 0.8]
		},
		"ground": {
			"rotation": [90, 0, 0],
			"translation": [0, 0, -6.25]
		},
		"gui": {
			"rotation": [-23, 40, 49],
			"translation": [1.25, -2.75, 0],
			"scale": [0.7, 0.7, 0.7]
		},
		"head": {
			"rotation": [119, 21, 32],
			"translation": [2.75, 8.25, -8]
		}
	},
	"groups": [
		{
			"name": "group",
			"origin": [8, 8, 8],
			"color": 0,
			"children": [0, 1]
		}
	]
}