{
	"credit": "Made with Blockbench",
	"texture_size": [64, 32],
	"textures": {
		"1": "./shadowdemonhd"
	},
	"elements": [
		{
			"from": [11.5, 5.1, 1],
			"to": [12.5, 7.1, 5],
			"rotation": {"angle": 0, "axis": "y", "origin": [-0.9, -26.7, 2.3]},
			"faces": {
				"north": {"uv": [12.25, 9, 12.5, 10], "texture": "#1"},
				"east": {"uv": [11.25, 9, 12.25, 10], "texture": "#1"},
				"south": {"uv": [13.5, 9, 13.75, 10], "texture": "#1"},
				"west": {"uv": [12.5, 9, 13.5, 10], "texture": "#1"},
				"up": {"uv": [12.5, 9, 12.25, 7], "texture": "#1"},
				"down": {"uv": [12.75, 7, 12.5, 9], "texture": "#1"}
			}
		},
		{
			"from": [11.5, 7.1, 1],
			"to": [12.5, 9.1, 3],
			"rotation": {"angle": 0, "axis": "y", "origin": [-0.9, -26.7, 2.3]},
			"faces": {
				"north": {"uv": [12.25, 9, 12.5, 10], "texture": "#1"},
				"east": {"uv": [11.75, 9, 12.25, 10], "texture": "#1"},
				"south": {"uv": [13, 9, 13.25, 10], "texture": "#1"},
				"west": {"uv": [12.5, 9, 13, 10], "texture": "#1"},
				"up": {"uv": [12.5, 9, 12.25, 8], "texture": "#1"},
				"down": {"uv": [12.75, 8, 12.5, 9], "texture": "#missing"}
			}
		},
		{
			"from": [3.7, 5.2, 1.1],
			"to": [4.7, 7.2, 5.1],
			"rotation": {"angle": 0, "axis": "y", "origin": [-0.9, -26.5, 2.3]},
			"faces": {
				"north": {"uv": [12.25, 6, 12.5, 7], "texture": "#1"},
				"east": {"uv": [11.25, 6, 12.25, 7], "texture": "#1"},
				"south": {"uv": [13.5, 6, 13.75, 7], "texture": "#1"},
				"west": {"uv": [12.5, 6, 13.5, 7], "texture": "#1"},
				"up": {"uv": [12.5, 6, 12.25, 4], "texture": "#1"},
				"down": {"uv": [12.75, 4, 12.5, 6], "texture": "#1"}
			}
		},
		{
			"from": [3.7, 7.2, 1.1],
			"to": [4.7, 9.2, 3.1],
			"rotation": {"angle": 0, "axis": "y", "origin": [-0.9, -26.5, 2.3]},
			"faces": {
				"north": {"uv": [12.25, 6, 12.5, 7], "texture": "#1"},
				"east": {"uv": [11.75, 6, 12.25, 7], "texture": "#1"},
				"south": {"uv": [13, 6, 13.25, 7], "texture": "#1"},
				"west": {"uv": [12.5, 6, 13, 7], "texture": "#1"},
				"up": {"uv": [12.5, 6, 12.25, 5], "texture": "#1"},
				"down": {"uv": [12.75, 5, 12.5, 6], "texture": "#1"}
			}
		}
	],
	"display": {
		"thirdperson_righthand": {
			"translation": [-2.25, 2.5, 4.5],
			"scale": [0.72, 0.98, 0.98]
		},
		"thirdperson_lefthand": {
			"translation": [-2.25, 2.5, 4.5],
			"scale": [0.72, 0.98, 0.98]
		},
		"firstperson_righthand": {
			"translation": [4.75, 1.75, 0]
		},
		"firstperson_lefthand": {
			"translation": [4.75, 1.75, 0]
		},
		"gui": {
			"rotation": [0, 60, 0],
			"translation": [6.75, 0.25, 0],
			"scale": [1.49, 1.51, 1.47]
		},
		"head": {
			"translation": [-0.25, 8, 1.25],
			"scale": [1.6, 1.87, 1.43]
		},
		"fixed": {
			"translation": [-0.5, 1.75, 6],
			"scale": [1.74, 1.81, 1.72]
		}
	}
}