{
	"credit": "Made with Blockbench",
	"texture_size": [32, 32],
	"textures": {
		"0": "./pion",
		"particle": "./pion"
	},
	"elements": [
		{
			"from": [2, 1, 7.5],
			"to": [4, 4, 8.5],
			"faces": {
				"north": {"uv": [4, 5, 5, 6.5], "texture": "#0"},
				"east": {"uv": [0, 8, 0.5, 9.5], "texture": "#0"},
				"south": {"uv": [5.5, 3, 6.5, 4.5], "texture": "#0"},
				"west": {"uv": [0.5, 8, 1, 9.5], "texture": "#0"},
				"up": {"uv": [7.5, 9, 6.5, 8.5], "texture": "#0"},
				"down": {"uv": [9.5, 7.5, 8.5, 8], "texture": "#0"}
			}
		},
		{
			"from": [11, 1, 7.5],
			"to": [12, 6, 8.5],
			"faces": {
				"north": {"uv": [3, 6, 3.5, 8.5], "texture": "#0"},
				"east": {"uv": [4, 6.5, 4.5, 9], "texture": "#0"},
				"south": {"uv": [4.5, 6.5, 5, 9], "texture": "#0"},
				"west": {"uv": [5, 6.5, 5.5, 9], "texture": "#0"},
				"up": {"uv": [9.5, 2, 9, 1.5], "texture": "#0"},
				"down": {"uv": [2.5, 9, 2, 9.5], "texture": "#0"}
			}
		},
		{
			"from": [12, 3, 7.5],
			"to": [14, 5, 8.5],
			"faces": {
				"north": {"uv": [6.5, 6.5, 7.5, 7.5], "texture": "#0"},
				"east": {"uv": [3, 8.5, 3.5, 9.5], "texture": "#0"},
				"south": {"uv": [0, 7, 1, 8], "texture": "#0"},
				"west": {"uv": [7.5, 8.5, 8, 9.5], "texture": "#0"},
				"up": {"uv": [9.5, 8.5, 8.5, 8], "texture": "#0"},
				"down": {"uv": [9.5, 8.5, 8.5, 9], "texture": "#0"}
			}
		},
		{
			"from": [10, 6, 7.5],
			"to": [13, 11, 8.5],
			"faces": {
				"north": {"uv": [3.5, 0, 5, 2.5], "texture": "#0"},
				"east": {"uv": [5.5, 6.5, 6, 9], "texture": "#0"},
				"south": {"uv": [3.5, 2.5, 5, 5], "texture": "#0"},
				"west": {"uv": [6, 6.5, 6.5, 9], "texture": "#0"},
				"up": {"uv": [9.5, 6.5, 8, 6], "texture": "#0"},
				"down": {"uv": [8, 8, 6.5, 8.5], "texture": "#0"}
			}
		},
		{
			"from": [13, 7, 7.5],
			"to": [14, 10, 8.5],
			"faces": {
				"north": {"uv": [3.5, 8, 4, 9.5], "texture": "#0"},
				"east": {"uv": [8, 8, 8.5, 9.5], "texture": "#0"},
				"south": {"uv": [8.5, 0, 9, 1.5], "texture": "#0"},
				"west": {"uv": [8.5, 1.5, 9, 3], "texture": "#0"},
				"up": {"uv": [9.5, 2.5, 9, 2], "texture": "#0"},
				"down": {"uv": [3, 9, 2.5, 9.5], "texture": "#0"}
			}
		},
		{
			"from": [9, 6, 7.5],
			"to": [10, 10, 8.5],
			"faces": {
				"north": {"uv": [1, 7, 1.5, 9], "texture": "#0"},
				"east": {"uv": [1.5, 7, 2, 9], "texture": "#0"},
				"south": {"uv": [2, 7, 2.5, 9], "texture": "#0"},
				"west": {"uv": [2.5, 7, 3, 9], "texture": "#0"},
				"up": {"uv": [9.5, 3, 9, 2.5], "texture": "#0"},
				"down": {"uv": [4.5, 9, 4, 9.5], "texture": "#0"}
			}
		},
		{
			"from": [5, 6, 7.5],
			"to": [9, 7, 8.5],
			"faces": {
				"north": {"uv": [6.5, 4, 8.5, 4.5], "texture": "#0"},
				"east": {"uv": [4.5, 9, 5, 9.5], "texture": "#0"},
				"south": {"uv": [6.5, 7.5, 8.5, 8], "texture": "#0"},
				"west": {"uv": [5, 9, 5.5, 9.5], "texture": "#0"},
				"up": {"uv": [9.5, 7, 7.5, 6.5], "texture": "#0"},
				"down": {"uv": [9.5, 7, 7.5, 7.5], "texture": "#0"}
			}
		},
		{
			"from": [3, 7, 7.5],
			"to": [9, 8, 8.5],
			"faces": {
				"north": {"uv": [5.5, 4.5, 8.5, 5], "texture": "#0"},
				"east": {"uv": [5.5, 9, 6, 9.5], "texture": "#0"},
				"south": {"uv": [5.5, 5, 8.5, 5.5], "texture": "#0"},
				"west": {"uv": [6, 9, 6.5, 9.5], "texture": "#0"},
				"up": {"uv": [8.5, 6, 5.5, 5.5], "texture": "#0"},
				"down": {"uv": [3, 6, 0, 6.5], "texture": "#0"}
			}
		},
		{
			"from": [2, 8, 7.5],
			"to": [9, 9, 8.5],
			"faces": {
				"north": {"uv": [5, 1, 8.5, 1.5], "texture": "#0"},
				"east": {"uv": [6.5, 9, 7, 9.5], "texture": "#0"},
				"south": {"uv": [5, 1.5, 8.5, 2], "texture": "#0"},
				"west": {"uv": [7, 9, 7.5, 9.5], "texture": "#0"},
				"up": {"uv": [8.5, 2.5, 5, 2], "texture": "#0"},
				"down": {"uv": [8.5, 2.5, 5, 3], "texture": "#0"}
			}
		},
		{
			"from": [2, 9, 7.5],
			"to": [8, 10, 8.5],
			"faces": {
				"north": {"uv": [5, 6, 8, 6.5], "texture": "#0"},
				"east": {"uv": [8.5, 9, 9, 9.5], "texture": "#0"},
				"south": {"uv": [0, 6.5, 3, 7], "texture": "#0"},
				"west": {"uv": [9, 9, 9.5, 9.5], "texture": "#0"},
				"up": {"uv": [9.5, 3.5, 6.5, 3], "texture": "#0"},
				"down": {"uv": [9.5, 3.5, 6.5, 4], "texture": "#0"}
			}
		},
		{
			"from": [4, 10, 7.5],
			"to": [7, 11, 8.5],
			"faces": {
				"north": {"uv": [8.5, 4, 10, 4.5], "texture": "#0"},
				"east": {"uv": [0, 9.5, 0.5, 10], "texture": "#0"},
				"south": {"uv": [8.5, 4.5, 10, 5], "texture": "#0"},
				"west": {"uv": [0.5, 9.5, 1, 10], "texture": "#0"},
				"up": {"uv": [10, 5.5, 8.5, 5], "texture": "#0"},
				"down": {"uv": [10, 5.5, 8.5, 6], "texture": "#0"}
			}
		},
		{
			"from": [5, 11, 7.5],
			"to": [6, 12, 8.5],
			"faces": {
				"north": {"uv": [1, 9.5, 1.5, 10], "texture": "#0"},
				"east": {"uv": [1.5, 9.5, 2, 10], "texture": "#0"},
				"south": {"uv": [9.5, 1.5, 10, 2], "texture": "#0"},
				"west": {"uv": [2, 9.5, 2.5, 10], "texture": "#0"},
				"up": {"uv": [10, 2.5, 9.5, 2], "texture": "#0"},
				"down": {"uv": [3, 9.5, 2.5, 10], "texture": "#0"}
			}
		},
		{
			"from": [2, 6, 7.5],
			"to": [4, 7, 8.5],
			"faces": {
				"north": {"uv": [9, 0, 10, 0.5], "texture": "#0"},
				"east": {"uv": [9.5, 2.5, 10, 3], "texture": "#0"},
				"south": {"uv": [9, 0.5, 10, 1], "texture": "#0"},
				"west": {"uv": [3, 9.5, 3.5, 10], "texture": "#0"},
				"up": {"uv": [2, 9.5, 1, 9], "texture": "#0"},
				"down": {"uv": [10, 1, 9, 1.5], "texture": "#0"}
			}
		},
		{
			"from": [3, 5, 7.5],
			"to": [4, 6, 8.5],
			"faces": {
				"north": {"uv": [9.5, 3, 10, 3.5], "texture": "#0"},
				"east": {"uv": [3.5, 9.5, 4, 10], "texture": "#0"},
				"south": {"uv": [9.5, 3.5, 10, 4], "texture": "#0"},
				"west": {"uv": [4, 9.5, 4.5, 10], "texture": "#0"},
				"up": {"uv": [5, 10, 4.5, 9.5], "texture": "#0"},
				"down": {"uv": [5.5, 9.5, 5, 10], "texture": "#0"}
			}
		},
		{
			"from": [14, 4, 7.5],
			"to": [15, 5, 8.5],
			"faces": {
				"north": {"uv": [5.5, 9.5, 6, 10], "texture": "#0"},
				"east": {"uv": [6, 9.5, 6.5, 10], "texture": "#0"},
				"south": {"uv": [9.5, 6, 10, 6.5], "texture": "#0"},
				"west": {"uv": [6.5, 9.5, 7, 10], "texture": "#0"},
				"up": {"uv": [10, 7, 9.5, 6.5], "texture": "#0"},
				"down": {"uv": [7.5, 9.5, 7, 10], "texture": "#0"}
			}
		},
		{
			"from": [4, 0, 7.5],
			"to": [11, 6, 8.5],
			"faces": {
				"north": {"uv": [0, 0, 3.5, 3], "texture": "#0"},
				"east": {"uv": [5, 3, 5.5, 6], "texture": "#0"},
				"south": {"uv": [0, 3, 3.5, 6], "texture": "#0"},
				"west": {"uv": [3.5, 5, 4, 8], "texture": "#0"},
				"up": {"uv": [8.5, 0.5, 5, 0], "texture": "#0"},
				"down": {"uv": [8.5, 0.5, 5, 1], "texture": "#0"}
			}
		},
		{
			"from": [7.5, 0, 4],
			"to": [8.5, 6, 11],
			"faces": {
				"north": {"uv": [3.5, 5, 4, 8], "texture": "#0"},
				"east": {"uv": [0, 0, 3.5, 3], "texture": "#0"},
				"south": {"uv": [5, 3, 5.5, 6], "texture": "#0"},
				"west": {"uv": [0, 3, 3.5, 6], "texture": "#0"},
				"up": {"uv": [8.5, 0.5, 5, 0], "rotation": 90, "texture": "#0"},
				"down": {"uv": [8.5, 0.5, 5, 1], "rotation": 270, "texture": "#0"}
			}
		},
		{
			"from": [7.5, 1, 2],
			"to": [8.5, 4, 4],
			"faces": {
				"north": {"uv": [0.5, 8, 1, 9.5], "texture": "#0"},
				"east": {"uv": [4, 5, 5, 6.5], "texture": "#0"},
				"south": {"uv": [0, 8, 0.5, 9.5], "texture": "#0"},
				"west": {"uv": [5.5, 3, 6.5, 4.5], "texture": "#0"},
				"up": {"uv": [7.5, 9, 6.5, 8.5], "rotation": 90, "texture": "#0"},
				"down": {"uv": [9.5, 7.5, 8.5, 8], "rotation": 270, "texture": "#0"}
			}
		},
		{
			"from": [7.5, 1, 11],
			"to": [8.5, 6, 12],
			"faces": {
				"north": {"uv": [5, 6.5, 5.5, 9], "texture": "#0"},
				"east": {"uv": [3, 6, 3.5, 8.5], "texture": "#0"},
				"south": {"uv": [4, 6.5, 4.5, 9], "texture": "#0"},
				"west": {"uv": [4.5, 6.5, 5, 9], "texture": "#0"},
				"up": {"uv": [9.5, 2, 9, 1.5], "rotation": 90, "texture": "#0"},
				"down": {"uv": [2.5, 9, 2, 9.5], "rotation": 270, "texture": "#0"}
			}
		},
		{
			"from": [7.5, 3, 12],
			"to": [8.5, 5, 14],
			"faces": {
				"north": {"uv": [7.5, 8.5, 8, 9.5], "texture": "#0"},
				"east": {"uv": [6.5, 6.5, 7.5, 7.5], "texture": "#0"},
				"south": {"uv": [3, 8.5, 3.5, 9.5], "texture": "#0"},
				"west": {"uv": [0, 7, 1, 8], "texture": "#0"},
				"up": {"uv": [9.5, 8.5, 8.5, 8], "rotation": 90, "texture": "#0"},
				"down": {"uv": [9.5, 8.5, 8.5, 9], "rotation": 270, "texture": "#0"}
			}
		},
		{
			"from": [7.5, 6, 10],
			"to": [8.5, 11, 13],
			"faces": {
				"north": {"uv": [6, 6.5, 6.5, 9], "texture": "#0"},
				"east": {"uv": [3.5, 0, 5, 2.5], "texture": "#0"},
				"south": {"uv": [5.5, 6.5, 6, 9], "texture": "#0"},
				"west": {"uv": [3.5, 2.5, 5, 5], "texture": "#0"},
				"up": {"uv": [9.5, 6.5, 8, 6], "rotation": 90, "texture": "#0"},
				"down": {"uv": [8, 8, 6.5, 8.5], "rotation": 270, "texture": "#0"}
			}
		},
		{
			"from": [7.5, 7, 13],
			"to": [8.5, 10, 14],
			"faces": {
				"north": {"uv": [8.5, 1.5, 9, 3], "texture": "#0"},
				"east": {"uv": [3.5, 8, 4, 9.5], "texture": "#0"},
				"south": {"uv": [8, 8, 8.5, 9.5], "texture": "#0"},
				"west": {"uv": [8.5, 0, 9, 1.5], "texture": "#0"},
				"up": {"uv": [9.5, 2.5, 9, 2], "rotation": 90, "texture": "#0"},
				"down": {"uv": [3, 9, 2.5, 9.5], "rotation": 270, "texture": "#0"}
			}
		},
		{
			"from": [7.5, 6, 9],
			"to": [8.5, 10, 10],
			"faces": {
				"north": {"uv": [2.5, 7, 3, 9], "texture": "#0"},
				"east": {"uv": [1, 7, 1.5, 9], "texture": "#0"},
				"south": {"uv": [1.5, 7, 2, 9], "texture": "#0"},
				"west": {"uv": [2, 7, 2.5, 9], "texture": "#0"},
				"up": {"uv": [9.5, 3, 9, 2.5], "rotation": 90, "texture": "#0"},
				"down": {"uv": [4.5, 9, 4, 9.5], "rotation": 270, "texture": "#0"}
			}
		},
		{
			"from": [7.5, 6, 5],
			"to": [8.5, 7, 9],
			"faces": {
				"north": {"uv": [5, 9, 5.5, 9.5], "texture": "#0"},
				"east": {"uv": [6.5, 4, 8.5, 4.5], "texture": "#0"},
				"south": {"uv": [4.5, 9, 5, 9.5], "texture": "#0"},
				"west": {"uv": [6.5, 7.5, 8.5, 8], "texture": "#0"},
				"up": {"uv": [9.5, 7, 7.5, 6.5], "rotation": 90, "texture": "#0"},
				"down": {"uv": [9.5, 7, 7.5, 7.5], "rotation": 270, "texture": "#0"}
			}
		},
		{
			"from": [7.5, 7, 3],
			"to": [8.5, 8, 9],
			"faces": {
				"north": {"uv": [6, 9, 6.5, 9.5], "texture": "#0"},
				"east": {"uv": [5.5, 4.5, 8.5, 5], "texture": "#0"},
				"south": {"uv": [5.5, 9, 6, 9.5], "texture": "#0"},
				"west": {"uv": [5.5, 5, 8.5, 5.5], "texture": "#0"},
				"up": {"uv": [8.5, 6, 5.5, 5.5], "rotation": 90, "texture": "#0"},
				"down": {"uv": [3, 6, 0, 6.5], "rotation": 270, "texture": "#0"}
			}
		},
		{
			"from": [7.5, 8, 2],
			"to": [8.5, 9, 9],
			"faces": {
				"north": {"uv": [7, 9, 7.5, 9.5], "texture": "#0"},
				"east": {"uv": [5, 1, 8.5, 1.5], "texture": "#0"},
				"south": {"uv": [6.5, 9, 7, 9.5], "texture": "#0"},
				"west": {"uv": [5, 1.5, 8.5, 2], "texture": "#0"},
				"up": {"uv": [8.5, 2.5, 5, 2], "rotation": 90, "texture": "#0"},
				"down": {"uv": [8.5, 2.5, 5, 3], "rotation": 270, "texture": "#0"}
			}
		},
		{
			"from": [7.5, 9, 2],
			"to": [8.5, 10, 8],
			"faces": {
				"north": {"uv": [9, 9, 9.5, 9.5], "texture": "#0"},
				"east": {"uv": [5, 6, 8, 6.5], "texture": "#0"},
				"south": {"uv": [8.5, 9, 9, 9.5], "texture": "#0"},
				"west": {"uv": [0, 6.5, 3, 7], "texture": "#0"},
				"up": {"uv": [9.5, 3.5, 6.5, 3], "rotation": 90, "texture": "#0"},
				"down": {"uv": [9.5, 3.5, 6.5, 4], "rotation": 270, "texture": "#0"}
			}
		},
		{
			"from": [7.5, 10, 4],
			"to": [8.5, 11, 7],
			"faces": {
				"north": {"uv": [0.5, 9.5, 1, 10], "texture": "#0"},
				"east": {"uv": [8.5, 4, 10, 4.5], "texture": "#0"},
				"south": {"uv": [0, 9.5, 0.5, 10], "texture": "#0"},
				"west": {"uv": [8.5, 4.5, 10, 5], "texture": "#0"},
				"up": {"uv": [10, 5.5, 8.5, 5], "rotation": 90, "texture": "#0"},
				"down": {"uv": [10, 5.5, 8.5, 6], "rotation": 270, "texture": "#0"}
			}
		},
		{
			"from": [7.5, 11, 5],
			"to": [8.5, 12, 6],
			"faces": {
				"north": {"uv": [2, 9.5, 2.5, 10], "texture": "#0"},
				"east": {"uv": [1, 9.5, 1.5, 10], "texture": "#0"},
				"south": {"uv": [1.5, 9.5, 2, 10], "texture": "#0"},
				"west": {"uv": [9.5, 1.5, 10, 2], "texture": "#0"},
				"up": {"uv": [10, 2.5, 9.5, 2], "rotation": 90, "texture": "#0"},
				"down": {"uv": [3, 9.5, 2.5, 10], "rotation": 270, "texture": "#0"}
			}
		},
		{
			"from": [7.5, 6, 2],
			"to": [8.5, 7, 4],
			"faces": {
				"north": {"uv": [3, 9.5, 3.5, 10], "texture": "#0"},
				"east": {"uv": [9, 0, 10, 0.5], "texture": "#0"},
				"south": {"uv": [9.5, 2.5, 10, 3], "texture": "#0"},
				"west": {"uv": [9, 0.5, 10, 1], "texture": "#0"},
				"up": {"uv": [2, 9.5, 1, 9], "rotation": 90, "texture": "#0"},
				"down": {"uv": [10, 1, 9, 1.5], "rotation": 270, "texture": "#0"}
			}
		},
		{
			"from": [7.5, 5, 3],
			"to": [8.5, 6, 4],
			"faces": {
				"north": {"uv": [4, 9.5, 4.5, 10], "texture": "#0"},
				"east": {"uv": [9.5, 3, 10, 3.5], "texture": "#0"},
				"south": {"uv": [3.5, 9.5, 4, 10], "texture": "#0"},
				"west": {"uv": [9.5, 3.5, 10, 4], "texture": "#0"},
				"up": {"uv": [5, 10, 4.5, 9.5], "rotation": 90, "texture": "#0"},
				"down": {"uv": [5.5, 9.5, 5, 10], "rotation": 270, "texture": "#0"}
			}
		},
		{
			"from": [7.5, 4, 14],
			"to": [8.5, 5, 15],
			"faces": {
				"north": {"uv": [6.5, 9.5, 7, 10], "texture": "#0"},
				"east": {"uv": [5.5, 9.5, 6, 10], "texture": "#0"},
				"south": {"uv": [6, 9.5, 6.5, 10], "texture": "#0"},
				"west": {"uv": [9.5, 6, 10, 6.5], "texture": "#0"},
				"up": {"uv": [10, 7, 9.5, 6.5], "rotation": 90, "texture": "#0"},
				"down": {"uv": [7.5, 9.5, 7, 10], "rotation": 270, "texture": "#0"}
			}
		}
	],
	"gui_light": "front",
	"display": {
		"thirdperson_righthand": {
			"translation": [0, 3.5, 0],
			"scale": [0.5, 0.5, 0.5]
		},
		"thirdperson_lefthand": {
			"translation": [0, 3.5, 0],
			"scale": [0.5, 0.5, 0.5]
		},
		"firstperson_righthand": {
			"translation": [0, 3.5, 0.5],
			"scale": [0.5, 0.5, 0.5]
		},
		"firstperson_lefthand": {
			"translation": [0, 3.5, 0.5],
			"scale": [0.5, 0.5, 0.5]
		},
		"ground": {
			"translation": [0, 3, 0],
			"scale": [0.75, 0.75, 0.75]
		},
		"gui": {
			"rotation": [21, -162, 17],
			"translation": [0, 1.5, 0]
		},
		"head": {
			"rotation": [0, 45, 0],
			"translation": [0, 14.5, 0]
		},
		"fixed": {
			"rotation": [0, 45, 0],
			"translation": [0, 1.25, 0.5]
		}
	},
	"groups": [
		{
			"name": "group",
			"origin": [0, 0, 0],
			"color": 0,
			"children": [0, 1, 2, 3, 4, 5, 6, 7, 8, 9, 10, 11, 12, 13, 14, 15]
		},
		{
			"name": "group",
			"origin": [0, 0, 0],
			"color": 0,
			"children": [16, 17, 18, 19, 20, 21, 22, 23, 24, 25, 26, 27, 28, 29, 30, 31]
		}
	]
}