{
	"credit": "Made with Blockbench",
	"textures": {
		"0": "./cute_red",
		"particle": "./cute_red"
	},
	"elements": [
		{
			"from": [7, 0, 7.6],
			"to": [9, 0.9, 7.6],
			"rotation": {"angle": 0, "axis": "y", "origin": [8, 3, 8.3]},
			"faces": {
				"north": {"uv": [2, 5, 4, 6], "texture": "#0"},
				"east": {"uv": [2, 5, 4, 6], "texture": "#missing"},
				"south": {"uv": [2, 5, 4, 6], "texture": "#0"},
				"west": {"uv": [2, 5, 4, 6], "texture": "#missing"},
				"up": {"uv": [2, 5, 4, 6], "texture": "#missing"},
				"down": {"uv": [2, 5, 4, 6], "texture": "#missing"}
			}
		},
		{
			"from": [7.5, 0.25, 7.5],
			"to": [8.5, 0.95, 7.75],
			"rotation": {"angle": 0, "axis": "y", "origin": [8, 3, 8.3]},
			"faces": {
				"north": {"uv": [0, 0, 0, 0], "texture": "#0"},
				"east": {"uv": [0, 0, 0, 0], "texture": "#0"},
				"south": {"uv": [0, 0, 0, 0], "texture": "#0"},
				"west": {"uv": [0, 0, 0, 0], "texture": "#0"},
				"up": {"uv": [0, 0, 0, 0], "texture": "#0"},
				"down": {"uv": [0, 0, 0, 0], "texture": "#0"}
			}
		},
		{
			"from": [10, 2.3, 6.7],
			"to": [11, 4.1, 6.7],
			"rotation": {"angle": -22.5, "axis": "x", "origin": [10, 3.7, 7.5]},
			"faces": {
				"north": {"uv": [5, 1, 6, 3], "texture": "#0"},
				"east": {"uv": [5, 1, 6, 3], "texture": "#missing"},
				"south": {"uv": [5, 1, 6, 3], "texture": "#0"},
				"west": {"uv": [5, 1, 6, 3], "texture": "#missing"},
				"up": {"uv": [5, 1, 6, 3], "texture": "#missing"},
				"down": {"uv": [5, 1, 6, 3], "texture": "#missing"}
			}
		},
		{
			"from": [5, 2.3, 6.7],
			"to": [6, 4.1, 6.7],
			"rotation": {"angle": -22.5, "axis": "x", "origin": [10, 3.7, 7.5]},
			"faces": {
				"north": {"uv": [0, 1, 1, 3], "texture": "#0"},
				"east": {"uv": [0, 1, 1, 3], "texture": "#missing"},
				"south": {"uv": [0, 1, 1, 3], "texture": "#0"},
				"west": {"uv": [0, 1, 1, 3], "texture": "#missing"},
				"up": {"uv": [0, 1, 1, 3], "texture": "#missing"},
				"down": {"uv": [0, 1, 1, 3], "texture": "#missing"}
			}
		},
		{
			"from": [6, 3.3, 6.7],
			"to": [7, 4.3, 6.7],
			"rotation": {"angle": -22.5, "axis": "x", "origin": [10, 3.7, 7.5]},
			"faces": {
				"north": {"uv": [1, 0, 2, 1], "texture": "#0"},
				"east": {"uv": [1, 0, 2, 1], "texture": "#missing"},
				"south": {"uv": [1, 0, 2, 1], "texture": "#0"},
				"west": {"uv": [1, 0, 2, 1], "texture": "#missing"},
				"up": {"uv": [1, 0, 2, 1], "texture": "#missing"},
				"down": {"uv": [0, 0, 0, 0], "texture": "#missing"}
			}
		},
		{
			"from": [6.7, 2.3, 6.7],
			"to": [7.7, 3.3, 6.7],
			"rotation": {"angle": -22.5, "axis": "x", "origin": [10, 3.7, 7.5]},
			"faces": {
				"north": {"uv": [2, 1, 3, 2], "texture": "#0"},
				"east": {"uv": [2, 1, 3, 2], "texture": "#missing"},
				"south": {"uv": [2, 1, 3, 2], "texture": "#0"},
				"west": {"uv": [2, 1, 3, 2], "texture": "#missing"},
				"up": {"uv": [2, 1, 3, 2], "texture": "#missing"},
				"down": {"uv": [2, 1, 3, 2], "texture": "#missing"}
			}
		},
		{
			"from": [8.4, 2.3, 6.7],
			"to": [9.4, 3.3, 6.7],
			"rotation": {"angle": -22.5, "axis": "x", "origin": [10, 3.7, 7.5]},
			"faces": {
				"north": {"uv": [3, 1, 4, 2], "texture": "#0"},
				"east": {"uv": [3, 1, 4, 2], "texture": "#missing"},
				"south": {"uv": [3, 1, 4, 2], "texture": "#0"},
				"west": {"uv": [3, 1, 4, 2], "texture": "#missing"},
				"up": {"uv": [3, 1, 4, 2], "texture": "#missing"},
				"down": {"uv": [3, 1, 4, 2], "texture": "#missing"}
			}
		},
		{
			"from": [9, 3.3, 6.7],
			"to": [10, 4.3, 6.7],
			"rotation": {"angle": -22.5, "axis": "x", "origin": [10, 3.7, 7.5]},
			"faces": {
				"north": {"uv": [4, 0, 5, 1], "texture": "#0"},
				"east": {"uv": [4, 0, 5, 1], "texture": "#missing"},
				"south": {"uv": [4, 0, 5, 1], "texture": "#0"},
				"west": {"uv": [4, 0, 5, 1], "texture": "#missing"},
				"up": {"uv": [4, 0, 5, 1], "texture": "#missing"},
				"down": {"uv": [4, 0, 5, 1], "texture": "#missing"}
			}
		},
		{
			"from": [7.5, 1.5, 6.7],
			"to": [8.5, 2.4, 6.7],
			"rotation": {"angle": -22.5, "axis": "x", "origin": [10, 3.7, 7.5]},
			"faces": {
				"north": {"uv": [0, 2, 1, 3], "texture": "#0"},
				"east": {"uv": [0, 2, 1, 3], "texture": "#missing"},
				"south": {"uv": [0, 2, 1, 3], "texture": "#0"},
				"west": {"uv": [0, 2, 1, 3], "texture": "#missing"},
				"up": {"uv": [0, 2, 1, 3], "texture": "#missing"},
				"down": {"uv": [0, 2, 1, 3], "texture": "#missing"}
			}
		},
		{
			"from": [5, 1.3, 6.7],
			"to": [6, 2.3, 6.7],
			"rotation": {"angle": -22.5, "axis": "x", "origin": [10, 3.7, 7.5]},
			"faces": {
				"north": {"uv": [0, 3, 1, 4], "texture": "#0"},
				"east": {"uv": [0, 3, 1, 4], "texture": "#missing"},
				"south": {"uv": [0, 3, 1, 4], "texture": "#0"},
				"west": {"uv": [0, 3, 1, 4], "texture": "#missing"},
				"up": {"uv": [0, 3, 1, 4], "texture": "#missing"},
				"down": {"uv": [0, 3, 1, 4], "texture": "#missing"}
			}
		},
		{
			"from": [10, 1.3, 6.7],
			"to": [11, 2.3, 6.7],
			"rotation": {"angle": -22.5, "axis": "x", "origin": [10, 3.7, 7.5]},
			"faces": {
				"north": {"uv": [5, 2.8, 6, 3.8], "texture": "#0"},
				"east": {"uv": [5, 2.8, 6, 3.8], "texture": "#missing"},
				"south": {"uv": [5, 2.8, 6, 3.8], "texture": "#0"},
				"west": {"uv": [5, 2.8, 6, 3.8], "texture": "#missing"},
				"up": {"uv": [5, 2.8, 6, 3.8], "texture": "#missing"},
				"down": {"uv": [5, 2.8, 6, 3.8], "texture": "#missing"}
			}
		},
		{
			"from": [8.9, 0.28848, 7.63799],
			"to": [10, 1.28848, 7.63799],
			"rotation": {"angle": 0, "axis": "x", "origin": [10.5, 1.63848, 7.48799]},
			"faces": {
				"north": {"uv": [4, 4, 5, 5], "texture": "#0"},
				"east": {"uv": [4, 4, 5, 5], "texture": "#missing"},
				"south": {"uv": [4, 4, 5, 5], "texture": "#0"},
				"west": {"uv": [4, 4, 5, 5], "texture": "#missing"},
				"up": {"uv": [4, 4, 5, 5], "texture": "#missing"},
				"down": {"uv": [4, 4, 5, 5], "texture": "#missing"}
			}
		},
		{
			"from": [6, 0.28848, 7.63799],
			"to": [7.1, 1.28848, 7.63799],
			"rotation": {"angle": 0, "axis": "x", "origin": [10.5, 1.63848, 7.48799]},
			"faces": {
				"north": {"uv": [1, 4, 2, 5], "texture": "#0"},
				"east": {"uv": [1, 4, 2, 5], "texture": "#missing"},
				"south": {"uv": [1, 4, 2, 5], "texture": "#0"},
				"west": {"uv": [1, 4, 2, 5], "texture": "#missing"},
				"up": {"uv": [1, 4, 2, 5], "texture": "#missing"},
				"down": {"uv": [1, 4, 2, 5], "texture": "#missing"}
			}
		},
		{
			"from": [7.5, 0.1, 7.6],
			"to": [8.5, 1.4, 7.6],
			"rotation": {"angle": 0, "axis": "y", "origin": [0, -0.3, 0]},
			"faces": {
				"north": {"uv": [2, 5, 3, 6], "texture": "#0"},
				"east": {"uv": [2, 5, 3, 6], "texture": "#missing"},
				"south": {"uv": [2, 5, 3, 6], "texture": "#0"},
				"west": {"uv": [2, 5, 3, 6], "texture": "#missing"},
				"up": {"uv": [2, 5, 3, 6], "texture": "#missing"},
				"down": {"uv": [2, 5, 3, 6], "texture": "#missing"}
			}
		},
		{
			"from": [6.2, 0, 7.1],
			"to": [7.2, 0.1, 8.1],
			"faces": {
				"north": {"uv": [1, 7, 2, 8], "texture": "#0"},
				"east": {"uv": [1, 7, 2, 8], "texture": "#0"},
				"south": {"uv": [1, 7, 2, 8], "texture": "#0"},
				"west": {"uv": [1, 7, 2, 8], "texture": "#0"},
				"up": {"uv": [1, 7, 2, 8], "texture": "#0"},
				"down": {"uv": [1, 7, 2, 8], "texture": "#0"}
			}
		},
		{
			"from": [5.4, 0, 7.6],
			"to": [6.4, 0, 8.6],
			"faces": {
				"north": {"uv": [0, 8, 1, 9], "texture": "#missing"},
				"east": {"uv": [0, 8, 1, 9], "texture": "#missing"},
				"south": {"uv": [0, 8, 1, 9], "texture": "#missing"},
				"west": {"uv": [0, 8, 1, 9], "texture": "#missing"},
				"up": {"uv": [0, 8, 1, 9], "texture": "#0"},
				"down": {"uv": [0, 9, 1, 8], "texture": "#0"}
			}
		},
		{
			"from": [9.4, 0, 7.6],
			"to": [10.4, 0, 8.6],
			"faces": {
				"north": {"uv": [5, 8, 6, 10], "texture": "#missing"},
				"east": {"uv": [5, 8, 6, 10], "texture": "#missing"},
				"south": {"uv": [5, 8, 6, 10], "texture": "#missing"},
				"west": {"uv": [5, 8, 6, 10], "texture": "#missing"},
				"up": {"uv": [5, 8, 6, 9], "texture": "#0"},
				"down": {"uv": [5, 9, 6, 8], "texture": "#0"}
			}
		},
		{
			"from": [8.8, 0, 7.1],
			"to": [9.8, 0.1, 8.1],
			"rotation": {"angle": 0, "axis": "y", "origin": [16, 0, 0]},
			"faces": {
				"north": {"uv": [1, 7, 2, 8], "texture": "#0"},
				"east": {"uv": [1, 7, 2, 8], "texture": "#0"},
				"south": {"uv": [1, 7, 2, 8], "texture": "#0"},
				"west": {"uv": [1, 7, 2, 8], "texture": "#0"},
				"up": {"uv": [1, 7, 2, 8], "texture": "#0"},
				"down": {"uv": [1, 7, 2, 8], "texture": "#0"}
			}
		}
	],
	"display": {
		"thirdperson_righthand": {
			"rotation": [0, -180, 0],
			"translation": [-1, 8, 0.25]
		},
		"thirdperson_lefthand": {
			"rotation": [0, -180, 0],
			"translation": [-1, 8, 0.25]
		},
		"firstperson_righthand": {
			"rotation": [0, 180, 0],
			"translation": [0, 12.25, 0],
			"scale": [1.54, 1.47, 1.4]
		},
		"firstperson_lefthand": {
			"rotation": [0, 180, 0],
			"translation": [0, 12.25, 0],
			"scale": [1.54, 1.47, 1.4]
		},
		"ground": {
			"translation": [0, 4.25, 0]
		},
		"gui": {
			"rotation": [0, -180, 0],
			"translation": [0.25, 15, 0],
			"scale": [2.63, 2.75, 2.81]
		},
		"head": {
			"rotation": [0, -180, 0],
			"translation": [0, 22, -0.75],
			"scale": [1.92, 1.85, 1.92]
		},
		"fixed": {
			"rotation": [-12, 180, 0],
			"translation": [0, 24, -9.25],
			"scale": [4, 4, 4]
		}
	}
}