{
	"credit": "Made with Blockbench",
	"texture_size": [32, 32],
	"textures": {
		"0": "./tatt04ek",
		"particle": "./tatt04ek"
	},
	"elements": [
		{
			"from": [5, 0, 5],
			"to": [9, 1, 13],
			"rotation": {"angle": 0, "axis": "y", "origin": [7, -35, 9]},
			"faces": {
				"north": {"uv": [5, 10.5, 7, 11], "texture": "#0"},
				"east": {"uv": [1, 10.5, 5, 11], "texture": "#0"},
				"south": {"uv": [11, 10.5, 13, 11], "texture": "#0"},
				"west": {"uv": [7, 10.5, 11, 11], "texture": "#0"},
				"up": {"uv": [7, 10.5, 5, 6.5], "texture": "#0"},
				"down": {"uv": [9, 6.5, 7, 10.5], "texture": "#0"}
			}
		},
		{
			"from": [5, 3, 5],
			"to": [9, 3, 9],
			"rotation": {"angle": 0, "axis": "y", "origin": [7, -35, 9]},
			"faces": {
				"north": {"uv": [2, 2, 4, 2], "texture": "#0"},
				"east": {"uv": [0, 2, 2, 2], "texture": "#0"},
				"south": {"uv": [6, 2, 8, 2], "texture": "#0"},
				"west": {"uv": [4, 2, 6, 2], "texture": "#0"},
				"up": {"uv": [4, 2, 2, 0], "texture": "#0"},
				"down": {"uv": [6, 0, 4, 2], "texture": "#0"}
			}
		},
		{
			"from": [5, 1, 5],
			"to": [5, 3, 9],
			"faces": {
				"north": {"uv": [0, 0, 0, 2], "texture": "#missing"},
				"east": {"uv": [2, 4, 4, 5], "texture": "#0"},
				"south": {"uv": [0, 0, 0, 2], "texture": "#missing"},
				"west": {"uv": [0, 4, 2, 5], "texture": "#0"},
				"up": {"uv": [0, 0, 0, 4], "texture": "#missing"},
				"down": {"uv": [0, 0, 0, 4], "texture": "#missing"}
			}
		},
		{
			"from": [9, 1, 5],
			"to": [9, 3, 9],
			"faces": {
				"north": {"uv": [0, 0, 0, 1], "texture": "#missing"},
				"east": {"uv": [2, 3, 4, 4], "texture": "#0"},
				"south": {"uv": [0, 0, 0, 1], "texture": "#missing"},
				"west": {"uv": [0, 3, 2, 4], "texture": "#0"},
				"up": {"uv": [0, 0, 0, 2], "texture": "#missing"},
				"down": {"uv": [0, 0, 0, 2], "texture": "#missing"}
			}
		},
		{
			"from": [5, 1, 5],
			"to": [9, 3, 5],
			"faces": {
				"north": {"uv": [0, 2, 2, 3], "texture": "#0"},
				"east": {"uv": [0, 0, 0, 1], "texture": "#missing"},
				"south": {"uv": [2, 2, 4, 3], "texture": "#0"},
				"west": {"uv": [0, 0, 0, 1], "texture": "#missing"},
				"up": {"uv": [0, 0, 2, 0], "texture": "#missing"},
				"down": {"uv": [0, 0, 2, 0], "texture": "#missing"}
			}
		}
	],
	"display": {
		"thirdperson_righthand": {
			"rotation": [82, 0, 0],
			"translation": [0, 4.5, 9],
			"scale": [1.2, 1.2, 1.2]
		},
		"thirdperson_lefthand": {
			"rotation": [82, 0, 0],
			"translation": [-2.25, 4.5, 9],
			"scale": [1.2, 1.2, 1.2]
		},
		"firstperson_righthand": {
			"rotation": [52, 0, 0],
			"translation": [5.5, 8.25, 5.5],
			"scale": [2, 2, 2]
		},
		"firstperson_lefthand": {
			"rotation": [52, 0, 0],
			"translation": [1.25, 8.25, 5.5],
			"scale": [2, 2, 2]
		},
		"ground": {
			"translation": [0, 4.25, 0]
		},
		"gui": {
			"rotation": [40, 34, 0],
			"translation": [0.5, 9.25, 0],
			"scale": [1.5, 1.5, 1.5]
		},
		"head": {
			"rotation": [0, -37, 0],
			"translation": [2.5, 18.25, -0.75],
			"scale": [1.5, 1.5, 1.5]
		},
		"fixed": {
			"rotation": [90, 0, 180],
			"translation": [-1.75, 0, -15],
			"scale": [2, 2, 2]
		}
	}
}